day,LAD22CD,activity_count
2021-10-1,E09000001,1081
2021-10-1,E09000002,2255
2021-10-1,E09000003,4175
2021-10-1,E09000004,3973
2021-10-1,E09000005,2607
2021-10-1,E09000006,5543
2021-10-1,E09000007,2772
2021-10-1,E09000008,4261
2021-10-1,E09000009,2914
2021-10-1,E09000010,2835
2021-10-1,E09000011,2994
2021-10-1,E09000012,1198
2021-10-1,E09000013,1737
2021-10-1,E09000014,1778
2021-10-1,E09000015,2568
2021-10-1,E09000016,4467
2021-10-1,E09000017,4339
2021-10-1,E09000018,2824
2021-10-1,E09000019,1482
2021-10-1,E09000020,1729
2021-10-1,E09000021,2125
2021-10-1,E09000022,2321
2021-10-1,E09000023,2106
2021-10-1,E09000024,2433
2021-10-1,E09000025,2848
2021-10-1,E09000026,2794
2021-10-1,E09000027,2405
2021-10-1,E09000028,2777
2021-10-1,E09000029,2836
2021-10-1,E09000030,1942
2021-10-1,E09000031,2068
2021-10-1,E09000032,2927
2021-10-1,E09000033,5001
2021-10-10,E09000001,405
2021-10-10,E09000002,1432
2021-10-10,E09000003,3184
2021-10-10,E09000004,2282
2021-10-10,E09000005,2016
2021-10-10,E09000006,3597
2021-10-10,E09000007,1741
2021-10-10,E09000008,2821
2021-10-10,E09000009,2368
2021-10-10,E09000010,2123
2021-10-10,E09000011,2596
2021-10-10,E09000012,845
2021-10-10,E09000013,1291
2021-10-10,E09000014,1879
2021-10-10,E09000015,1980
2021-10-10,E09000016,2991
2021-10-10,E09000017,2992
2021-10-10,E09000018,2102
2021-10-10,E09000019,792
2021-10-10,E09000020,1218
2021-10-10,E09000021,1422
2021-10-10,E09000022,1704
2021-10-10,E09000023,1491
2021-10-10,E09000024,1589
2021-10-10,E09000025,2199
2021-10-10,E09000026,2108
2021-10-10,E09000027,1718
2021-10-10,E09000028,1830
2021-10-10,E09000029,1822
2021-10-10,E09000030,1347
2021-10-10,E09000031,1377
2021-10-10,E09000032,1830
2021-10-10,E09000033,3341
2021-10-11,E09000001,1046
2021-10-11,E09000002,2159
2021-10-11,E09000003,3809
2021-10-11,E09000004,3691
2021-10-11,E09000005,2459
2021-10-11,E09000006,4929
2021-10-11,E09000007,2558
2021-10-11,E09000008,3632
2021-10-11,E09000009,2592
2021-10-11,E09000010,2505
2021-10-11,E09000011,2732
2021-10-11,E09000012,1125
2021-10-11,E09000013,1548
2021-10-11,E09000014,1609
2021-10-11,E09000015,1990
2021-10-11,E09000016,4303
2021-10-11,E09000017,3953
2021-10-11,E09000018,2545
2021-10-11,E09000019,1319
2021-10-11,E09000020,1427
2021-10-11,E09000021,1962
2021-10-11,E09000022,2006
2021-10-11,E09000023,1927
2021-10-11,E09000024,2008
2021-10-11,E09000025,2470
2021-10-11,E09000026,2635
2021-10-11,E09000027,2080
2021-10-11,E09000028,2401
2021-10-11,E09000029,2653
2021-10-11,E09000030,1884
2021-10-11,E09000031,1918
2021-10-11,E09000032,2595
2021-10-11,E09000033,4363
2021-10-12,E09000001,1331
2021-10-12,E09000002,2014
2021-10-12,E09000003,3488
2021-10-12,E09000004,3412
2021-10-12,E09000005,2876
2021-10-12,E09000006,4693
2021-10-12,E09000007,2529
2021-10-12,E09000008,3597
2021-10-12,E09000009,2543
2021-10-12,E09000010,2453
2021-10-12,E09000011,2623
2021-10-12,E09000012,1073
2021-10-12,E09000013,1554
2021-10-12,E09000014,1455
2021-10-12,E09000015,1996
2021-10-12,E09000016,3809
2021-10-12,E09000017,3822
2021-10-12,E09000018,2344
2021-10-12,E09000019,1295
2021-10-12,E09000020,1360
2021-10-12,E09000021,1755
2021-10-12,E09000022,1914
2021-10-12,E09000023,1906
2021-10-12,E09000024,1896
2021-10-12,E09000025,2298
2021-10-12,E09000026,2529
2021-10-12,E09000027,2003
2021-10-12,E09000028,2422
2021-10-12,E09000029,2462
2021-10-12,E09000030,1883
2021-10-12,E09000031,1701
2021-10-12,E09000032,2442
2021-10-12,E09000033,4172
2021-10-13,E09000001,1593
2021-10-13,E09000002,2153
2021-10-13,E09000003,3833
2021-10-13,E09000004,3746
2021-10-13,E09000005,2464
2021-10-13,E09000006,5433
2021-10-13,E09000007,2820
2021-10-13,E09000008,3858
2021-10-13,E09000009,2757
2021-10-13,E09000010,2575
2021-10-13,E09000011,2866
2021-10-13,E09000012,1228
2021-10-13,E09000013,1630
2021-10-13,E09000014,1632
2021-10-13,E09000015,2213
2021-10-13,E09000016,4472
2021-10-13,E09000017,4243
2021-10-13,E09000018,2704
2021-10-13,E09000019,1488
2021-10-13,E09000020,1672
2021-10-13,E09000021,2032
2021-10-13,E09000022,2145
2021-10-13,E09000023,2082
2021-10-13,E09000024,2035
2021-10-13,E09000025,2491
2021-10-13,E09000026,2749
2021-10-13,E09000027,2212
2021-10-13,E09000028,2607
2021-10-13,E09000029,2622
2021-10-13,E09000030,2103
2021-10-13,E09000031,1942
2021-10-13,E09000032,2754
2021-10-13,E09000033,5117
2021-10-14,E09000001,1587
2021-10-14,E09000002,2273
2021-10-14,E09000003,3993
2021-10-14,E09000004,4030
2021-10-14,E09000005,2570
2021-10-14,E09000006,5456
2021-10-14,E09000007,2966
2021-10-14,E09000008,4034
2021-10-14,E09000009,2823
2021-10-14,E09000010,2508
2021-10-14,E09000011,3061
2021-10-14,E09000012,1169
2021-10-14,E09000013,1691
2021-10-14,E09000014,1708
2021-10-14,E09000015,2222
2021-10-14,E09000016,4323
2021-10-14,E09000017,4116
2021-10-14,E09000018,2806
2021-10-14,E09000019,1543
2021-10-14,E09000020,1600
2021-10-14,E09000021,2105
2021-10-14,E09000022,2211
2021-10-14,E09000023,2161
2021-10-14,E09000024,2096
2021-10-14,E09000025,2445
2021-10-14,E09000026,2798
2021-10-14,E09000027,2253
2021-10-14,E09000028,2757
2021-10-14,E09000029,2817
2021-10-14,E09000030,2101
2021-10-14,E09000031,2027
2021-10-14,E09000032,2886
2021-10-14,E09000033,5243
2021-10-15,E09000001,1241
2021-10-15,E09000002,2334
2021-10-15,E09000003,4326
2021-10-15,E09000004,4138
2021-10-15,E09000005,2701
2021-10-15,E09000006,5780
2021-10-15,E09000007,2910
2021-10-15,E09000008,4451
2021-10-15,E09000009,3060
2021-10-15,E09000010,2828
2021-10-15,E09000011,3347
2021-10-15,E09000012,1326
2021-10-15,E09000013,1879
2021-10-15,E09000014,1831
2021-10-15,E09000015,2563
2021-10-15,E09000016,4809
2021-10-15,E09000017,4588
2021-10-15,E09000018,2840
2021-10-15,E09000019,1540
2021-10-15,E09000020,1776
2021-10-15,E09000021,2236
2021-10-15,E09000022,2483
2021-10-15,E09000023,2374
2021-10-15,E09000024,2347
2021-10-15,E09000025,2769
2021-10-15,E09000026,3103
2021-10-15,E09000027,2574
2021-10-15,E09000028,2880
2021-10-15,E09000029,2857
2021-10-15,E09000030,2107
2021-10-15,E09000031,2000
2021-10-15,E09000032,3055
2021-10-15,E09000033,5185
2021-10-16,E09000001,560
2021-10-16,E09000002,1887
2021-10-16,E09000003,3657
2021-10-16,E09000004,3190
2021-10-16,E09000005,2622
2021-10-16,E09000006,4825
2021-10-16,E09000007,2330
2021-10-16,E09000008,3971
2021-10-16,E09000009,2871
2021-10-16,E09000010,2953
2021-10-16,E09000011,3230
2021-10-16,E09000012,1293
2021-10-16,E09000013,1805
2021-10-16,E09000014,1776
2021-10-16,E09000015,2390
2021-10-16,E09000016,4156
2021-10-16,E09000017,4019
2021-10-16,E09000018,2838
2021-10-16,E09000019,1248
2021-10-16,E09000020,1670
2021-10-16,E09000021,2107
2021-10-16,E09000022,2430
2021-10-16,E09000023,1962
2021-10-16,E09000024,2146
2021-10-16,E09000025,2838
2021-10-16,E09000026,2641
2021-10-16,E09000027,2278
2021-10-16,E09000028,2366
2021-10-16,E09000029,2500
2021-10-16,E09000030,1834
2021-10-16,E09000031,1909
2021-10-16,E09000032,2525
2021-10-16,E09000033,5132
2021-10-17,E09000001,303
2021-10-17,E09000002,1598
2021-10-17,E09000003,3016
2021-10-17,E09000004,2350
2021-10-17,E09000005,2078
2021-10-17,E09000006,3596
2021-10-17,E09000007,1673
2021-10-17,E09000008,2823
2021-10-17,E09000009,2242
2021-10-17,E09000010,2255
2021-10-17,E09000011,2746
2021-10-17,E09000012,919
2021-10-17,E09000013,1343
2021-10-17,E09000014,1893
2021-10-17,E09000015,1746
2021-10-17,E09000016,2963
2021-10-17,E09000017,3308
2021-10-17,E09000018,2163
2021-10-17,E09000019,868
2021-10-17,E09000020,1192
2021-10-17,E09000021,1490
2021-10-17,E09000022,1508
2021-10-17,E09000023,1553
2021-10-17,E09000024,1665
2021-10-17,E09000025,2235
2021-10-17,E09000026,2109
2021-10-17,E09000027,1554
2021-10-17,E09000028,1660
2021-10-17,E09000029,1845
2021-10-17,E09000030,1380
2021-10-17,E09000031,1349
2021-10-17,E09000032,1824
2021-10-17,E09000033,3404
2021-10-18,E09000001,1055
2021-10-18,E09000002,2040
2021-10-18,E09000003,3494
2021-10-18,E09000004,3629
2021-10-18,E09000005,2458
2021-10-18,E09000006,3977
2021-10-18,E09000007,2328
2021-10-18,E09000008,3364
2021-10-18,E09000009,2604
2021-10-18,E09000010,2360
2021-10-18,E09000011,2773
2021-10-18,E09000012,1040
2021-10-18,E09000013,1415
2021-10-18,E09000014,1448
2021-10-18,E09000015,1867
2021-10-18,E09000016,4069
2021-10-18,E09000017,4057
2021-10-18,E09000018,2574
2021-10-18,E09000019,1824
2021-10-18,E09000020,1552
2021-10-18,E09000021,1748
2021-10-18,E09000022,1891
2021-10-18,E09000023,2010
2021-10-18,E09000024,1909
2021-10-18,E09000025,2474
2021-10-18,E09000026,2477
2021-10-18,E09000027,1837
2021-10-18,E09000028,2119
2021-10-18,E09000029,2592
2021-10-18,E09000030,1871
2021-10-18,E09000031,1715
2021-10-18,E09000032,2330
2021-10-18,E09000033,4211
2021-10-19,E09000001,1383
2021-10-19,E09000002,2141
2021-10-19,E09000003,3653
2021-10-19,E09000004,3696
2021-10-19,E09000005,2449
2021-10-19,E09000006,4020
2021-10-19,E09000007,2787
2021-10-19,E09000008,3494
2021-10-19,E09000009,2866
2021-10-19,E09000010,2588
2021-10-19,E09000011,3068
2021-10-19,E09000012,1212
2021-10-19,E09000013,1630
2021-10-19,E09000014,1517
2021-10-19,E09000015,2039
2021-10-19,E09000016,4194
2021-10-19,E09000017,3997
2021-10-19,E09000018,2604
2021-10-19,E09000019,1508
2021-10-19,E09000020,1578
2021-10-19,E09000021,1904
2021-10-19,E09000022,2020
2021-10-19,E09000023,2069
2021-10-19,E09000024,1847
2021-10-19,E09000025,2340
2021-10-19,E09000026,2766
2021-10-19,E09000027,1861
2021-10-19,E09000028,2365
2021-10-19,E09000029,2679
2021-10-19,E09000030,1983
2021-10-19,E09000031,1896
2021-10-19,E09000032,2395
2021-10-19,E09000033,4797
2021-10-2,E09000001,515
2021-10-2,E09000002,1813
2021-10-2,E09000003,3397
2021-10-2,E09000004,3060
2021-10-2,E09000005,2316
2021-10-2,E09000006,4699
2021-10-2,E09000007,2148
2021-10-2,E09000008,3824
2021-10-2,E09000009,2731
2021-10-2,E09000010,2509
2021-10-2,E09000011,2963
2021-10-2,E09000012,1183
2021-10-2,E09000013,2144
2021-10-2,E09000014,1593
2021-10-2,E09000015,2296
2021-10-2,E09000016,3914
2021-10-2,E09000017,3610
2021-10-2,E09000018,2584
2021-10-2,E09000019,1169
2021-10-2,E09000020,1565
2021-10-2,E09000021,1978
2021-10-2,E09000022,1978
2021-10-2,E09000023,1713
2021-10-2,E09000024,2060
2021-10-2,E09000025,2636
2021-10-2,E09000026,2464
2021-10-2,E09000027,2071
2021-10-2,E09000028,2183
2021-10-2,E09000029,2451
2021-10-2,E09000030,1696
2021-10-2,E09000031,1735
2021-10-2,E09000032,2297
2021-10-2,E09000033,4548
2021-10-20,E09000001,1389
2021-10-20,E09000002,2215
2021-10-20,E09000003,3740
2021-10-20,E09000004,3779
2021-10-20,E09000005,2600
2021-10-20,E09000006,4004
2021-10-20,E09000007,2736
2021-10-20,E09000008,3436
2021-10-20,E09000009,2795
2021-10-20,E09000010,2505
2021-10-20,E09000011,2878
2021-10-20,E09000012,1233
2021-10-20,E09000013,1899
2021-10-20,E09000014,1497
2021-10-20,E09000015,1920
2021-10-20,E09000016,4359
2021-10-20,E09000017,4021
2021-10-20,E09000018,2555
2021-10-20,E09000019,1449
2021-10-20,E09000020,1635
2021-10-20,E09000021,1945
2021-10-20,E09000022,2038
2021-10-20,E09000023,1974
2021-10-20,E09000024,1946
2021-10-20,E09000025,2465
2021-10-20,E09000026,2637
2021-10-20,E09000027,1985
2021-10-20,E09000028,2362
2021-10-20,E09000029,2622
2021-10-20,E09000030,2011
2021-10-20,E09000031,1844
2021-10-20,E09000032,2520
2021-10-20,E09000033,4821
2021-10-21,E09000001,1535
2021-10-21,E09000002,2327
2021-10-21,E09000003,3900
2021-10-21,E09000004,3766
2021-10-21,E09000005,2618
2021-10-21,E09000006,4284
2021-10-21,E09000007,2890
2021-10-21,E09000008,3684
2021-10-21,E09000009,2764
2021-10-21,E09000010,2633
2021-10-21,E09000011,2945
2021-10-21,E09000012,1163
2021-10-21,E09000013,1645
2021-10-21,E09000014,1583
2021-10-21,E09000015,2171
2021-10-21,E09000016,4238
2021-10-21,E09000017,4273
2021-10-21,E09000018,2676
2021-10-21,E09000019,1494
2021-10-21,E09000020,1687
2021-10-21,E09000021,1968
2021-10-21,E09000022,2166
2021-10-21,E09000023,2051
2021-10-21,E09000024,1876
2021-10-21,E09000025,2873
2021-10-21,E09000026,2587
2021-10-21,E09000027,1913
2021-10-21,E09000028,2494
2021-10-21,E09000029,2564
2021-10-21,E09000030,2139
2021-10-21,E09000031,1877
2021-10-21,E09000032,2652
2021-10-21,E09000033,4971
2021-10-22,E09000001,1200
2021-10-22,E09000002,2247
2021-10-22,E09000003,3968
2021-10-22,E09000004,3583
2021-10-22,E09000005,2758
2021-10-22,E09000006,4348
2021-10-22,E09000007,2953
2021-10-22,E09000008,3941
2021-10-22,E09000009,3003
2021-10-22,E09000010,2773
2021-10-22,E09000011,3381
2021-10-22,E09000012,1348
2021-10-22,E09000013,1815
2021-10-22,E09000014,1642
2021-10-22,E09000015,2206
2021-10-22,E09000016,4584
2021-10-22,E09000017,4354
2021-10-22,E09000018,2625
2021-10-22,E09000019,1943
2021-10-22,E09000020,1821
2021-10-22,E09000021,2116
2021-10-22,E09000022,2420
2021-10-22,E09000023,2145
2021-10-22,E09000024,2056
2021-10-22,E09000025,2947
2021-10-22,E09000026,2833
2021-10-22,E09000027,2020
2021-10-22,E09000028,2456
2021-10-22,E09000029,2866
2021-10-22,E09000030,2082
2021-10-22,E09000031,2006
2021-10-22,E09000032,2870
2021-10-22,E09000033,5027
2021-10-23,E09000001,619
2021-10-23,E09000002,2023
2021-10-23,E09000003,3302
2021-10-23,E09000004,2996
2021-10-23,E09000005,2732
2021-10-23,E09000006,4350
2021-10-23,E09000007,2209
2021-10-23,E09000008,4081
2021-10-23,E09000009,2888
2021-10-23,E09000010,2630
2021-10-23,E09000011,3086
2021-10-23,E09000012,1177
2021-10-23,E09000013,1894
2021-10-23,E09000014,1655
2021-10-23,E09000015,2364
2021-10-23,E09000016,4024
2021-10-23,E09000017,4165
2021-10-23,E09000018,2377
2021-10-23,E09000019,1137
2021-10-23,E09000020,1682
2021-10-23,E09000021,2035
2021-10-23,E09000022,2370
2021-10-23,E09000023,2034
2021-10-23,E09000024,1964
2021-10-23,E09000025,3253
2021-10-23,E09000026,2527
2021-10-23,E09000027,2078
2021-10-23,E09000028,2294
2021-10-23,E09000029,2386
2021-10-23,E09000030,1822
2021-10-23,E09000031,1746
2021-10-23,E09000032,2390
2021-10-23,E09000033,4949
2021-10-24,E09000001,412
2021-10-24,E09000002,1414
2021-10-24,E09000003,2981
2021-10-24,E09000004,2230
2021-10-24,E09000005,1985
2021-10-24,E09000006,3213
2021-10-24,E09000007,1742
2021-10-24,E09000008,2684
2021-10-24,E09000009,2177
2021-10-24,E09000010,2015
2021-10-24,E09000011,2514
2021-10-24,E09000012,912
2021-10-24,E09000013,1148
2021-10-24,E09000014,1240
2021-10-24,E09000015,1736
2021-10-24,E09000016,2875
2021-10-24,E09000017,3139
2021-10-24,E09000018,2211
2021-10-24,E09000019,782
2021-10-24,E09000020,1216
2021-10-24,E09000021,1443
2021-10-24,E09000022,1574
2021-10-24,E09000023,1366
2021-10-24,E09000024,1562
2021-10-24,E09000025,3060
2021-10-24,E09000026,2161
2021-10-24,E09000027,1461
2021-10-24,E09000028,1750
2021-10-24,E09000029,1665
2021-10-24,E09000030,1564
2021-10-24,E09000031,1338
2021-10-24,E09000032,1786
2021-10-24,E09000033,3422
2021-10-25,E09000001,981
2021-10-25,E09000002,1689
2021-10-25,E09000003,3151
2021-10-25,E09000004,2520
2021-10-25,E09000005,2361
2021-10-25,E09000006,3888
2021-10-25,E09000007,2363
2021-10-25,E09000008,3253
2021-10-25,E09000009,2359
2021-10-25,E09000010,2161
2021-10-25,E09000011,2605
2021-10-25,E09000012,940
2021-10-25,E09000013,1474
2021-10-25,E09000014,1308
2021-10-25,E09000015,1671
2021-10-25,E09000016,3125
2021-10-25,E09000017,3464
2021-10-25,E09000018,2218
2021-10-25,E09000019,1081
2021-10-25,E09000020,1526
2021-10-25,E09000021,1778
2021-10-25,E09000022,1764
2021-10-25,E09000023,1682
2021-10-25,E09000024,1687
2021-10-25,E09000025,2504
2021-10-25,E09000026,2038
2021-10-25,E09000027,1526
2021-10-25,E09000028,1930
2021-10-25,E09000029,1831
2021-10-25,E09000030,1758
2021-10-25,E09000031,1520
2021-10-25,E09000032,2167
2021-10-25,E09000033,4491
2021-10-26,E09000001,1226
2021-10-26,E09000002,1493
2021-10-26,E09000003,2998
2021-10-26,E09000004,2470
2021-10-26,E09000005,2084
2021-10-26,E09000006,3742
2021-10-26,E09000007,2685
2021-10-26,E09000008,3110
2021-10-26,E09000009,2342
2021-10-26,E09000010,2040
2021-10-26,E09000011,2585
2021-10-26,E09000012,994
2021-10-26,E09000013,1984
2021-10-26,E09000014,1283
2021-10-26,E09000015,1708
2021-10-26,E09000016,3052
2021-10-26,E09000017,3092
2021-10-26,E09000018,2052
2021-10-26,E09000019,1535
2021-10-26,E09000020,1598
2021-10-26,E09000021,1586
2021-10-26,E09000022,1844
2021-10-26,E09000023,1627
2021-10-26,E09000024,1623
2021-10-26,E09000025,2292
2021-10-26,E09000026,1914
2021-10-26,E09000027,1596
2021-10-26,E09000028,2180
2021-10-26,E09000029,1872
2021-10-26,E09000030,1839
2021-10-26,E09000031,1423
2021-10-26,E09000032,2227
2021-10-26,E09000033,5126
2021-10-27,E09000001,1436
2021-10-27,E09000002,1725
2021-10-27,E09000003,2988
2021-10-27,E09000004,2433
2021-10-27,E09000005,2234
2021-10-27,E09000006,3891
2021-10-27,E09000007,2653
2021-10-27,E09000008,3218
2021-10-27,E09000009,2419
2021-10-27,E09000010,2253
2021-10-27,E09000011,2695
2021-10-27,E09000012,1008
2021-10-27,E09000013,1531
2021-10-27,E09000014,1343
2021-10-27,E09000015,1719
2021-10-27,E09000016,3241
2021-10-27,E09000017,3236
2021-10-27,E09000018,2099
2021-10-27,E09000019,1149
2021-10-27,E09000020,1565
2021-10-27,E09000021,1584
2021-10-27,E09000022,1963
2021-10-27,E09000023,1658
2021-10-27,E09000024,1703
2021-10-27,E09000025,2778
2021-10-27,E09000026,2139
2021-10-27,E09000027,1754
2021-10-27,E09000028,2239
2021-10-27,E09000029,1952
2021-10-27,E09000030,1903
2021-10-27,E09000031,1480
2021-10-27,E09000032,2193
2021-10-27,E09000033,5167
2021-10-28,E09000001,1399
2021-10-28,E09000002,1724
2021-10-28,E09000003,3273
2021-10-28,E09000004,2524
2021-10-28,E09000005,2192
2021-10-28,E09000006,4069
2021-10-28,E09000007,2938
2021-10-28,E09000008,3189
2021-10-28,E09000009,2393
2021-10-28,E09000010,2254
2021-10-28,E09000011,2793
2021-10-28,E09000012,971
2021-10-28,E09000013,1599
2021-10-28,E09000014,1340
2021-10-28,E09000015,1770
2021-10-28,E09000016,3294
2021-10-28,E09000017,3211
2021-10-28,E09000018,2070
2021-10-28,E09000019,1291
2021-10-28,E09000020,1738
2021-10-28,E09000021,1833
2021-10-28,E09000022,2102
2021-10-28,E09000023,1745
2021-10-28,E09000024,1618
2021-10-28,E09000025,2412
2021-10-28,E09000026,2112
2021-10-28,E09000027,1606
2021-10-28,E09000028,2282
2021-10-28,E09000029,1935
2021-10-28,E09000030,1973
2021-10-28,E09000031,1561
2021-10-28,E09000032,2180
2021-10-28,E09000033,5667
2021-10-29,E09000001,1047
2021-10-29,E09000002,1789
2021-10-29,E09000003,3269
2021-10-29,E09000004,2778
2021-10-29,E09000005,2329
2021-10-29,E09000006,4336
2021-10-29,E09000007,2820
2021-10-29,E09000008,3521
2021-10-29,E09000009,2580
2021-10-29,E09000010,2395
2021-10-29,E09000011,2785
2021-10-29,E09000012,1189
2021-10-29,E09000013,1812
2021-10-29,E09000014,1527
2021-10-29,E09000015,1924
2021-10-29,E09000016,3694
2021-10-29,E09000017,3481
2021-10-29,E09000018,2266
2021-10-29,E09000019,1248
2021-10-29,E09000020,1754
2021-10-29,E09000021,1766
2021-10-29,E09000022,2158
2021-10-29,E09000023,1894
2021-10-29,E09000024,1788
2021-10-29,E09000025,2656
2021-10-29,E09000026,2183
2021-10-29,E09000027,1835
2021-10-29,E09000028,2429
2021-10-29,E09000029,2004
2021-10-29,E09000030,1927
2021-10-29,E09000031,1650
2021-10-29,E09000032,2606
2021-10-29,E09000033,5381
2021-10-3,E09000001,424
2021-10-3,E09000002,1424
2021-10-3,E09000003,2942
2021-10-3,E09000004,2332
2021-10-3,E09000005,2081
2021-10-3,E09000006,3708
2021-10-3,E09000007,1612
2021-10-3,E09000008,2938
2021-10-3,E09000009,2236
2021-10-3,E09000010,1989
2021-10-3,E09000011,2411
2021-10-3,E09000012,843
2021-10-3,E09000013,1273
2021-10-3,E09000014,1807
2021-10-3,E09000015,1791
2021-10-3,E09000016,2924
2021-10-3,E09000017,2983
2021-10-3,E09000018,2090
2021-10-3,E09000019,798
2021-10-3,E09000020,1193
2021-10-3,E09000021,1272
2021-10-3,E09000022,1521
2021-10-3,E09000023,1406
2021-10-3,E09000024,1577
2021-10-3,E09000025,2420
2021-10-3,E09000026,2149
2021-10-3,E09000027,1722
2021-10-3,E09000028,1611
2021-10-3,E09000029,1810
2021-10-3,E09000030,1643
2021-10-3,E09000031,1325
2021-10-3,E09000032,1823
2021-10-3,E09000033,3948
2021-10-30,E09000001,642
2021-10-30,E09000002,1930
2021-10-30,E09000003,3333
2021-10-30,E09000004,3137
2021-10-30,E09000005,2702
2021-10-30,E09000006,4746
2021-10-30,E09000007,2374
2021-10-30,E09000008,3614
2021-10-30,E09000009,2860
2021-10-30,E09000010,2524
2021-10-30,E09000011,3282
2021-10-30,E09000012,1211
2021-10-30,E09000013,1912
2021-10-30,E09000014,2069
2021-10-30,E09000015,2142
2021-10-30,E09000016,3910
2021-10-30,E09000017,3716
2021-10-30,E09000018,2522
2021-10-30,E09000019,1141
2021-10-30,E09000020,1793
2021-10-30,E09000021,1917
2021-10-30,E09000022,2296
2021-10-30,E09000023,2010
2021-10-30,E09000024,1986
2021-10-30,E09000025,2729
2021-10-30,E09000026,2456
2021-10-30,E09000027,1909
2021-10-30,E09000028,2466
2021-10-30,E09000029,2365
2021-10-30,E09000030,1909
2021-10-30,E09000031,1858
2021-10-30,E09000032,2511
2021-10-30,E09000033,5093
2021-10-31,E09000001,321
2021-10-31,E09000002,1473
2021-10-31,E09000003,3065
2021-10-31,E09000004,2319
2021-10-31,E09000005,1950
2021-10-31,E09000006,3452
2021-10-31,E09000007,1660
2021-10-31,E09000008,2671
2021-10-31,E09000009,2138
2021-10-31,E09000010,1974
2021-10-31,E09000011,2307
2021-10-31,E09000012,829
2021-10-31,E09000013,1218
2021-10-31,E09000014,1221
2021-10-31,E09000015,1798
2021-10-31,E09000016,2906
2021-10-31,E09000017,3039
2021-10-31,E09000018,1895
2021-10-31,E09000019,821
2021-10-31,E09000020,1209
2021-10-31,E09000021,1470
2021-10-31,E09000022,1563
2021-10-31,E09000023,1443
2021-10-31,E09000024,1560
2021-10-31,E09000025,1958
2021-10-31,E09000026,1912
2021-10-31,E09000027,1682
2021-10-31,E09000028,1641
2021-10-31,E09000029,1786
2021-10-31,E09000030,1381
2021-10-31,E09000031,1320
2021-10-31,E09000032,1884
2021-10-31,E09000033,3217
2021-10-4,E09000001,990
2021-10-4,E09000002,1982
2021-10-4,E09000003,3536
2021-10-4,E09000004,3652
2021-10-4,E09000005,2509
2021-10-4,E09000006,4701
2021-10-4,E09000007,2341
2021-10-4,E09000008,3664
2021-10-4,E09000009,2470
2021-10-4,E09000010,2400
2021-10-4,E09000011,2904
2021-10-4,E09000012,1070
2021-10-4,E09000013,1523
2021-10-4,E09000014,1535
2021-10-4,E09000015,2034
2021-10-4,E09000016,3977
2021-10-4,E09000017,3884
2021-10-4,E09000018,2522
2021-10-4,E09000019,1268
2021-10-4,E09000020,1436
2021-10-4,E09000021,1939
2021-10-4,E09000022,1860
2021-10-4,E09000023,1889
2021-10-4,E09000024,2007
2021-10-4,E09000025,2262
2021-10-4,E09000026,2489
2021-10-4,E09000027,1974
2021-10-4,E09000028,2267
2021-10-4,E09000029,2536
2021-10-4,E09000030,1732
2021-10-4,E09000031,1821
2021-10-4,E09000032,2478
2021-10-4,E09000033,4022
2021-10-5,E09000001,1303
2021-10-5,E09000002,2088
2021-10-5,E09000003,3945
2021-10-5,E09000004,3607
2021-10-5,E09000005,2402
2021-10-5,E09000006,5039
2021-10-5,E09000007,2616
2021-10-5,E09000008,3884
2021-10-5,E09000009,2789
2021-10-5,E09000010,2516
2021-10-5,E09000011,2913
2021-10-5,E09000012,1064
2021-10-5,E09000013,1621
2021-10-5,E09000014,1561
2021-10-5,E09000015,2198
2021-10-5,E09000016,4243
2021-10-5,E09000017,4050
2021-10-5,E09000018,2702
2021-10-5,E09000019,1386
2021-10-5,E09000020,1514
2021-10-5,E09000021,2061
2021-10-5,E09000022,1952
2021-10-5,E09000023,2026
2021-10-5,E09000024,2073
2021-10-5,E09000025,2490
2021-10-5,E09000026,2689
2021-10-5,E09000027,2211
2021-10-5,E09000028,2531
2021-10-5,E09000029,2618
2021-10-5,E09000030,2099
2021-10-5,E09000031,1919
2021-10-5,E09000032,2720
2021-10-5,E09000033,4514
2021-10-6,E09000001,1367
2021-10-6,E09000002,2120
2021-10-6,E09000003,3863
2021-10-6,E09000004,3650
2021-10-6,E09000005,2375
2021-10-6,E09000006,5015
2021-10-6,E09000007,2842
2021-10-6,E09000008,3872
2021-10-6,E09000009,2598
2021-10-6,E09000010,2532
2021-10-6,E09000011,2964
2021-10-6,E09000012,1234
2021-10-6,E09000013,1748
2021-10-6,E09000014,1546
2021-10-6,E09000015,2183
2021-10-6,E09000016,4176
2021-10-6,E09000017,3890
2021-10-6,E09000018,2601
2021-10-6,E09000019,1414
2021-10-6,E09000020,1520
2021-10-6,E09000021,2047
2021-10-6,E09000022,2054
2021-10-6,E09000023,1966
2021-10-6,E09000024,2025
2021-10-6,E09000025,2583
2021-10-6,E09000026,2695
2021-10-6,E09000027,2185
2021-10-6,E09000028,2485
2021-10-6,E09000029,2660
2021-10-6,E09000030,1866
2021-10-6,E09000031,1843
2021-10-6,E09000032,2529
2021-10-6,E09000033,4577
2021-10-7,E09000001,1691
2021-10-7,E09000002,2242
2021-10-7,E09000003,3894
2021-10-7,E09000004,3826
2021-10-7,E09000005,2396
2021-10-7,E09000006,5265
2021-10-7,E09000007,2845
2021-10-7,E09000008,3989
2021-10-7,E09000009,2820
2021-10-7,E09000010,2553
2021-10-7,E09000011,2959
2021-10-7,E09000012,1211
2021-10-7,E09000013,1652
2021-10-7,E09000014,1648
2021-10-7,E09000015,2222
2021-10-7,E09000016,4332
2021-10-7,E09000017,4230
2021-10-7,E09000018,2755
2021-10-7,E09000019,1541
2021-10-7,E09000020,1668
2021-10-7,E09000021,2080
2021-10-7,E09000022,2161
2021-10-7,E09000023,2093
2021-10-7,E09000024,2102
2021-10-7,E09000025,2473
2021-10-7,E09000026,2813
2021-10-7,E09000027,2301
2021-10-7,E09000028,2812
2021-10-7,E09000029,2697
2021-10-7,E09000030,2116
2021-10-7,E09000031,1905
2021-10-7,E09000032,2706
2021-10-7,E09000033,5035
2021-10-8,E09000001,1190
2021-10-8,E09000002,2350
2021-10-8,E09000003,4325
2021-10-8,E09000004,4237
2021-10-8,E09000005,2665
2021-10-8,E09000006,5713
2021-10-8,E09000007,2844
2021-10-8,E09000008,4225
2021-10-8,E09000009,3054
2021-10-8,E09000010,2792
2021-10-8,E09000011,3427
2021-10-8,E09000012,1354
2021-10-8,E09000013,1851
2021-10-8,E09000014,1863
2021-10-8,E09000015,2505
2021-10-8,E09000016,4826
2021-10-8,E09000017,4447
2021-10-8,E09000018,2795
2021-10-8,E09000019,1571
2021-10-8,E09000020,1805
2021-10-8,E09000021,2203
2021-10-8,E09000022,2486
2021-10-8,E09000023,2310
2021-10-8,E09000024,2369
2021-10-8,E09000025,2691
2021-10-8,E09000026,3046
2021-10-8,E09000027,2756
2021-10-8,E09000028,2790
2021-10-8,E09000029,2809
2021-10-8,E09000030,2132
2021-10-8,E09000031,2127
2021-10-8,E09000032,2966
2021-10-8,E09000033,5128
2021-10-9,E09000001,580
2021-10-9,E09000002,1948
2021-10-9,E09000003,3883
2021-10-9,E09000004,3301
2021-10-9,E09000005,2675
2021-10-9,E09000006,5361
2021-10-9,E09000007,2464
2021-10-9,E09000008,4115
2021-10-9,E09000009,3222
2021-10-9,E09000010,2990
2021-10-9,E09000011,3249
2021-10-9,E09000012,1328
2021-10-9,E09000013,1930
2021-10-9,E09000014,1855
2021-10-9,E09000015,2748
2021-10-9,E09000016,4281
2021-10-9,E09000017,4001
2021-10-9,E09000018,2805
2021-10-9,E09000019,1303
2021-10-9,E09000020,1732
2021-10-9,E09000021,2211
2021-10-9,E09000022,2444
2021-10-9,E09000023,2132
2021-10-9,E09000024,2280
2021-10-9,E09000025,3035
2021-10-9,E09000026,2842
2021-10-9,E09000027,2378
2021-10-9,E09000028,2644
2021-10-9,E09000029,2721
2021-10-9,E09000030,1906
2021-10-9,E09000031,1867
2021-10-9,E09000032,2762
2021-10-9,E09000033,5320
2021-11-1,E09000001,970
2021-11-1,E09000002,2002
2021-11-1,E09000003,3504
2021-11-1,E09000004,2965
2021-11-1,E09000005,2378
2021-11-1,E09000006,4330
2021-11-1,E09000007,2422
2021-11-1,E09000008,3523
2021-11-1,E09000009,2423
2021-11-1,E09000010,2304
2021-11-1,E09000011,2457
2021-11-1,E09000012,985
2021-11-1,E09000013,1564
2021-11-1,E09000014,1351
2021-11-1,E09000015,1839
2021-11-1,E09000016,3605
2021-11-1,E09000017,3554
2021-11-1,E09000018,2255
2021-11-1,E09000019,1194
2021-11-1,E09000020,1474
2021-11-1,E09000021,1499
2021-11-1,E09000022,1821
2021-11-1,E09000023,1814
2021-11-1,E09000024,1769
2021-11-1,E09000025,2505
2021-11-1,E09000026,2457
2021-11-1,E09000027,1669
2021-11-1,E09000028,2207
2021-11-1,E09000029,2107
2021-11-1,E09000030,1744
2021-11-1,E09000031,1709
2021-11-1,E09000032,2331
2021-11-1,E09000033,4230
2021-11-10,E09000001,1436
2021-11-10,E09000002,2087
2021-11-10,E09000003,3778
2021-11-10,E09000004,3504
2021-11-10,E09000005,2376
2021-11-10,E09000006,4776
2021-11-10,E09000007,2576
2021-11-10,E09000008,3816
2021-11-10,E09000009,2464
2021-11-10,E09000010,2468
2021-11-10,E09000011,2811
2021-11-10,E09000012,1131
2021-11-10,E09000013,1562
2021-11-10,E09000014,1567
2021-11-10,E09000015,2100
2021-11-10,E09000016,4006
2021-11-10,E09000017,4089
2021-11-10,E09000018,2483
2021-11-10,E09000019,1316
2021-11-10,E09000020,1503
2021-11-10,E09000021,1826
2021-11-10,E09000022,1999
2021-11-10,E09000023,2021
2021-11-10,E09000024,1994
2021-11-10,E09000025,2450
2021-11-10,E09000026,2696
2021-11-10,E09000027,1966
2021-11-10,E09000028,2468
2021-11-10,E09000029,2630
2021-11-10,E09000030,1925
2021-11-10,E09000031,1847
2021-11-10,E09000032,2625
2021-11-10,E09000033,4792
2021-11-11,E09000001,1550
2021-11-11,E09000002,2085
2021-11-11,E09000003,3840
2021-11-11,E09000004,3771
2021-11-11,E09000005,2431
2021-11-11,E09000006,5115
2021-11-11,E09000007,2764
2021-11-11,E09000008,3788
2021-11-11,E09000009,2675
2021-11-11,E09000010,2543
2021-11-11,E09000011,2789
2021-11-11,E09000012,1164
2021-11-11,E09000013,1679
2021-11-11,E09000014,1689
2021-11-11,E09000015,2119
2021-11-11,E09000016,4211
2021-11-11,E09000017,4169
2021-11-11,E09000018,2662
2021-11-11,E09000019,1402
2021-11-11,E09000020,1620
2021-11-11,E09000021,2018
2021-11-11,E09000022,2237
2021-11-11,E09000023,2029
2021-11-11,E09000024,1921
2021-11-11,E09000025,2487
2021-11-11,E09000026,2757
2021-11-11,E09000027,2067
2021-11-11,E09000028,2725
2021-11-11,E09000029,2705
2021-11-11,E09000030,2044
2021-11-11,E09000031,2117
2021-11-11,E09000032,2773
2021-11-11,E09000033,5127
2021-11-12,E09000001,1117
2021-11-12,E09000002,2229
2021-11-12,E09000003,3994
2021-11-12,E09000004,3915
2021-11-12,E09000005,3121
2021-11-12,E09000006,5269
2021-11-12,E09000007,2716
2021-11-12,E09000008,4252
2021-11-12,E09000009,2816
2021-11-12,E09000010,2710
2021-11-12,E09000011,3096
2021-11-12,E09000012,1179
2021-11-12,E09000013,1679
2021-11-12,E09000014,1726
2021-11-12,E09000015,2347
2021-11-12,E09000016,4487
2021-11-12,E09000017,4337
2021-11-12,E09000018,2638
2021-11-12,E09000019,1381
2021-11-12,E09000020,1822
2021-11-12,E09000021,2115
2021-11-12,E09000022,2283
2021-11-12,E09000023,2132
2021-11-12,E09000024,2260
2021-11-12,E09000025,2652
2021-11-12,E09000026,2983
2021-11-12,E09000027,2453
2021-11-12,E09000028,2815
2021-11-12,E09000029,2823
2021-11-12,E09000030,1968
2021-11-12,E09000031,2019
2021-11-12,E09000032,2912
2021-11-12,E09000033,5192
2021-11-13,E09000001,891
2021-11-13,E09000002,1925
2021-11-13,E09000003,3935
2021-11-13,E09000004,3461
2021-11-13,E09000005,2635
2021-11-13,E09000006,5120
2021-11-13,E09000007,2611
2021-11-13,E09000008,4126
2021-11-13,E09000009,3051
2021-11-13,E09000010,2853
2021-11-13,E09000011,3460
2021-11-13,E09000012,1229
2021-11-13,E09000013,1852
2021-11-13,E09000014,1780
2021-11-13,E09000015,2442
2021-11-13,E09000016,4357
2021-11-13,E09000017,4049
2021-11-13,E09000018,2671
2021-11-13,E09000019,1439
2021-11-13,E09000020,1711
2021-11-13,E09000021,2156
2021-11-13,E09000022,2468
2021-11-13,E09000023,2022
2021-11-13,E09000024,2320
2021-11-13,E09000025,2777
2021-11-13,E09000026,2793
2021-11-13,E09000027,2890
2021-11-13,E09000028,2656
2021-11-13,E09000029,2643
2021-11-13,E09000030,1884
2021-11-13,E09000031,1913
2021-11-13,E09000032,2708
2021-11-13,E09000033,5927
2021-11-14,E09000001,393
2021-11-14,E09000002,1593
2021-11-14,E09000003,3164
2021-11-14,E09000004,2394
2021-11-14,E09000005,2080
2021-11-14,E09000006,3895
2021-11-14,E09000007,1782
2021-11-14,E09000008,3012
2021-11-14,E09000009,2340
2021-11-14,E09000010,2187
2021-11-14,E09000011,2634
2021-11-14,E09000012,880
2021-11-14,E09000013,1308
2021-11-14,E09000014,1354
2021-11-14,E09000015,1795
2021-11-14,E09000016,3357
2021-11-14,E09000017,3176
2021-11-14,E09000018,2033
2021-11-14,E09000019,922
2021-11-14,E09000020,1198
2021-11-14,E09000021,1354
2021-11-14,E09000022,1655
2021-11-14,E09000023,1450
2021-11-14,E09000024,1729
2021-11-14,E09000025,2056
2021-11-14,E09000026,2112
2021-11-14,E09000027,1795
2021-11-14,E09000028,1816
2021-11-14,E09000029,1894
2021-11-14,E09000030,1371
2021-11-14,E09000031,1500
2021-11-14,E09000032,1890
2021-11-14,E09000033,3615
2021-11-15,E09000001,994
2021-11-15,E09000002,2087
2021-11-15,E09000003,3575
2021-11-15,E09000004,3499
2021-11-15,E09000005,2436
2021-11-15,E09000006,4816
2021-11-15,E09000007,2374
2021-11-15,E09000008,3540
2021-11-15,E09000009,2484
2021-11-15,E09000010,2498
2021-11-15,E09000011,2631
2021-11-15,E09000012,1038
2021-11-15,E09000013,1345
2021-11-15,E09000014,1431
2021-11-15,E09000015,1920
2021-11-15,E09000016,3993
2021-11-15,E09000017,3954
2021-11-15,E09000018,2323
2021-11-15,E09000019,1262
2021-11-15,E09000020,1440
2021-11-15,E09000021,1785
2021-11-15,E09000022,1867
2021-11-15,E09000023,1911
2021-11-15,E09000024,1946
2021-11-15,E09000025,2335
2021-11-15,E09000026,2492
2021-11-15,E09000027,1903
2021-11-15,E09000028,2297
2021-11-15,E09000029,2530
2021-11-15,E09000030,1841
2021-11-15,E09000031,1807
2021-11-15,E09000032,2466
2021-11-15,E09000033,4193
2021-11-16,E09000001,1362
2021-11-16,E09000002,2145
2021-11-16,E09000003,3589
2021-11-16,E09000004,3455
2021-11-16,E09000005,2489
2021-11-16,E09000006,4776
2021-11-16,E09000007,2776
2021-11-16,E09000008,3799
2021-11-16,E09000009,2721
2021-11-16,E09000010,2496
2021-11-16,E09000011,2699
2021-11-16,E09000012,1121
2021-11-16,E09000013,1492
2021-11-16,E09000014,1504
2021-11-16,E09000015,2030
2021-11-16,E09000016,4138
2021-11-16,E09000017,4099
2021-11-16,E09000018,2454
2021-11-16,E09000019,1440
2021-11-16,E09000020,1521
2021-11-16,E09000021,1995
2021-11-16,E09000022,2046
2021-11-16,E09000023,2017
2021-11-16,E09000024,1949
2021-11-16,E09000025,2508
2021-11-16,E09000026,2571
2021-11-16,E09000027,1978
2021-11-16,E09000028,2466
2021-11-16,E09000029,2549
2021-11-16,E09000030,2103
2021-11-16,E09000031,1977
2021-11-16,E09000032,2614
2021-11-16,E09000033,4676
2021-11-17,E09000001,1523
2021-11-17,E09000002,2192
2021-11-17,E09000003,3942
2021-11-17,E09000004,3713
2021-11-17,E09000005,2578
2021-11-17,E09000006,4917
2021-11-17,E09000007,2785
2021-11-17,E09000008,3686
2021-11-17,E09000009,2781
2021-11-17,E09000010,2577
2021-11-17,E09000011,2668
2021-11-17,E09000012,1191
2021-11-17,E09000013,1610
2021-11-17,E09000014,1686
2021-11-17,E09000015,2219
2021-11-17,E09000016,4059
2021-11-17,E09000017,4146
2021-11-17,E09000018,2556
2021-11-17,E09000019,1385
2021-11-17,E09000020,1532
2021-11-17,E09000021,1996
2021-11-17,E09000022,2120
2021-11-17,E09000023,2080
2021-11-17,E09000024,2035
2021-11-17,E09000025,2424
2021-11-17,E09000026,2588
2021-11-17,E09000027,1981
2021-11-17,E09000028,2523
2021-11-17,E09000029,2555
2021-11-17,E09000030,2069
2021-11-17,E09000031,1883
2021-11-17,E09000032,2735
2021-11-17,E09000033,5003
2021-11-18,E09000001,1546
2021-11-18,E09000002,2228
2021-11-18,E09000003,3871
2021-11-18,E09000004,3710
2021-11-18,E09000005,2474
2021-11-18,E09000006,5052
2021-11-18,E09000007,2896
2021-11-18,E09000008,3928
2021-11-18,E09000009,2787
2021-11-18,E09000010,2445
2021-11-18,E09000011,2828
2021-11-18,E09000012,1188
2021-11-18,E09000013,1690
2021-11-18,E09000014,1571
2021-11-18,E09000015,2084
2021-11-18,E09000016,4350
2021-11-18,E09000017,4062
2021-11-18,E09000018,2510
2021-11-18,E09000019,1415
2021-11-18,E09000020,1621
2021-11-18,E09000021,2001
2021-11-18,E09000022,2033
2021-11-18,E09000023,2118
2021-11-18,E09000024,2064
2021-11-18,E09000025,2607
2021-11-18,E09000026,2686
2021-11-18,E09000027,2185
2021-11-18,E09000028,2606
2021-11-18,E09000029,2645
2021-11-18,E09000030,2123
2021-11-18,E09000031,1958
2021-11-18,E09000032,2853
2021-11-18,E09000033,5728
2021-11-19,E09000001,1194
2021-11-19,E09000002,2346
2021-11-19,E09000003,4026
2021-11-19,E09000004,4003
2021-11-19,E09000005,2573
2021-11-19,E09000006,5394
2021-11-19,E09000007,2966
2021-11-19,E09000008,4247
2021-11-19,E09000009,3288
2021-11-19,E09000010,2802
2021-11-19,E09000011,3364
2021-11-19,E09000012,1262
2021-11-19,E09000013,1945
2021-11-19,E09000014,1791
2021-11-19,E09000015,2449
2021-11-19,E09000016,4608
2021-11-19,E09000017,4706
2021-11-19,E09000018,2827
2021-11-19,E09000019,1475
2021-11-19,E09000020,1883
2021-11-19,E09000021,2117
2021-11-19,E09000022,2258
2021-11-19,E09000023,2233
2021-11-19,E09000024,2213
2021-11-19,E09000025,2758
2021-11-19,E09000026,3010
2021-11-19,E09000027,2460
2021-11-19,E09000028,2870
2021-11-19,E09000029,2890
2021-11-19,E09000030,2145
2021-11-19,E09000031,2154
2021-11-19,E09000032,3096
2021-11-19,E09000033,5782
2021-11-2,E09000001,1367
2021-11-2,E09000002,2093
2021-11-2,E09000003,3524
2021-11-2,E09000004,3145
2021-11-2,E09000005,2469
2021-11-2,E09000006,4709
2021-11-2,E09000007,2684
2021-11-2,E09000008,3493
2021-11-2,E09000009,2485
2021-11-2,E09000010,2501
2021-11-2,E09000011,2576
2021-11-2,E09000012,1106
2021-11-2,E09000013,1487
2021-11-2,E09000014,1527
2021-11-2,E09000015,2004
2021-11-2,E09000016,3874
2021-11-2,E09000017,3770
2021-11-2,E09000018,2433
2021-11-2,E09000019,1305
2021-11-2,E09000020,1487
2021-11-2,E09000021,1618
2021-11-2,E09000022,1925
2021-11-2,E09000023,1899
2021-11-2,E09000024,1963
2021-11-2,E09000025,2468
2021-11-2,E09000026,2609
2021-11-2,E09000027,1847
2021-11-2,E09000028,2326
2021-11-2,E09000029,2209
2021-11-2,E09000030,1942
2021-11-2,E09000031,1742
2021-11-2,E09000032,2470
2021-11-2,E09000033,4549
2021-11-20,E09000001,659
2021-11-20,E09000002,1991
2021-11-20,E09000003,3775
2021-11-20,E09000004,3274
2021-11-20,E09000005,2806
2021-11-20,E09000006,5429
2021-11-20,E09000007,2685
2021-11-20,E09000008,4185
2021-11-20,E09000009,3055
2021-11-20,E09000010,3019
2021-11-20,E09000011,3617
2021-11-20,E09000012,1357
2021-11-20,E09000013,2168
2021-11-20,E09000014,1744
2021-11-20,E09000015,2456
2021-11-20,E09000016,4446
2021-11-20,E09000017,4072
2021-11-20,E09000018,2680
2021-11-20,E09000019,1286
2021-11-20,E09000020,1867
2021-11-20,E09000021,2132
2021-11-20,E09000022,2463
2021-11-20,E09000023,2041
2021-11-20,E09000024,2182
2021-11-20,E09000025,2874
2021-11-20,E09000026,2688
2021-11-20,E09000027,2991
2021-11-20,E09000028,2526
2021-11-20,E09000029,2583
2021-11-20,E09000030,2083
2021-11-20,E09000031,2054
2021-11-20,E09000032,2664
2021-11-20,E09000033,6381
2021-11-21,E09000001,388
2021-11-21,E09000002,1448
2021-11-21,E09000003,3071
2021-11-21,E09000004,2343
2021-11-21,E09000005,2063
2021-11-21,E09000006,3941
2021-11-21,E09000007,1711
2021-11-21,E09000008,2773
2021-11-21,E09000009,2353
2021-11-21,E09000010,2294
2021-11-21,E09000011,2634
2021-11-21,E09000012,844
2021-11-21,E09000013,1366
2021-11-21,E09000014,1769
2021-11-21,E09000015,1705
2021-11-21,E09000016,3146
2021-11-21,E09000017,3199
2021-11-21,E09000018,2126
2021-11-21,E09000019,831
2021-11-21,E09000020,1282
2021-11-21,E09000021,1527
2021-11-21,E09000022,1729
2021-11-21,E09000023,1366
2021-11-21,E09000024,1654
2021-11-21,E09000025,2086
2021-11-21,E09000026,2026
2021-11-21,E09000027,1715
2021-11-21,E09000028,1860
2021-11-21,E09000029,1804
2021-11-21,E09000030,1388
2021-11-21,E09000031,1438
2021-11-21,E09000032,1882
2021-11-21,E09000033,4215
2021-11-22,E09000001,1078
2021-11-22,E09000002,2101
2021-11-22,E09000003,3658
2021-11-22,E09000004,3423
2021-11-22,E09000005,2386
2021-11-22,E09000006,4860
2021-11-22,E09000007,2432
2021-11-22,E09000008,3625
2021-11-22,E09000009,2580
2021-11-22,E09000010,2453
2021-11-22,E09000011,2719
2021-11-22,E09000012,1083
2021-11-22,E09000013,1427
2021-11-22,E09000014,1443
2021-11-22,E09000015,2078
2021-11-22,E09000016,3878
2021-11-22,E09000017,4090
2021-11-22,E09000018,2481
2021-11-22,E09000019,1218
2021-11-22,E09000020,1390
2021-11-22,E09000021,1736
2021-11-22,E09000022,1892
2021-11-22,E09000023,1931
2021-11-22,E09000024,1914
2021-11-22,E09000025,2299
2021-11-22,E09000026,2505
2021-11-22,E09000027,1856
2021-11-22,E09000028,2247
2021-11-22,E09000029,2468
2021-11-22,E09000030,1834
2021-11-22,E09000031,1846
2021-11-22,E09000032,2481
2021-11-22,E09000033,4387
2021-11-23,E09000001,1340
2021-11-23,E09000002,2073
2021-11-23,E09000003,3599
2021-11-23,E09000004,3580
2021-11-23,E09000005,2490
2021-11-23,E09000006,4724
2021-11-23,E09000007,2725
2021-11-23,E09000008,3786
2021-11-23,E09000009,2757
2021-11-23,E09000010,2436
2021-11-23,E09000011,2772
2021-11-23,E09000012,1121
2021-11-23,E09000013,1820
2021-11-23,E09000014,1525
2021-11-23,E09000015,2030
2021-11-23,E09000016,3968
2021-11-23,E09000017,4021
2021-11-23,E09000018,2530
2021-11-23,E09000019,1391
2021-11-23,E09000020,1622
2021-11-23,E09000021,1822
2021-11-23,E09000022,1998
2021-11-23,E09000023,2011
2021-11-23,E09000024,2038
2021-11-23,E09000025,2524
2021-11-23,E09000026,2589
2021-11-23,E09000027,2042
2021-11-23,E09000028,2465
2021-11-23,E09000029,2490
2021-11-23,E09000030,1942
2021-11-23,E09000031,1945
2021-11-23,E09000032,2727
2021-11-23,E09000033,5086
2021-11-24,E09000001,1419
2021-11-24,E09000002,2082
2021-11-24,E09000003,3778
2021-11-24,E09000004,3493
2021-11-24,E09000005,2514
2021-11-24,E09000006,4849
2021-11-24,E09000007,2784
2021-11-24,E09000008,3697
2021-11-24,E09000009,2717
2021-11-24,E09000010,2636
2021-11-24,E09000011,2693
2021-11-24,E09000012,1150
2021-11-24,E09000013,1858
2021-11-24,E09000014,1589
2021-11-24,E09000015,2160
2021-11-24,E09000016,4093
2021-11-24,E09000017,3947
2021-11-24,E09000018,2481
2021-11-24,E09000019,1483
2021-11-24,E09000020,1701
2021-11-24,E09000021,1900
2021-11-24,E09000022,2053
2021-11-24,E09000023,2074
2021-11-24,E09000024,2021
2021-11-24,E09000025,2641
2021-11-24,E09000026,2769
2021-11-24,E09000027,2072
2021-11-24,E09000028,2537
2021-11-24,E09000029,2555
2021-11-24,E09000030,1949
2021-11-24,E09000031,1849
2021-11-24,E09000032,2593
2021-11-24,E09000033,5253
2021-11-25,E09000001,1599
2021-11-25,E09000002,2108
2021-11-25,E09000003,3910
2021-11-25,E09000004,3648
2021-11-25,E09000005,2604
2021-11-25,E09000006,5041
2021-11-25,E09000007,3081
2021-11-25,E09000008,3876
2021-11-25,E09000009,2840
2021-11-25,E09000010,2473
2021-11-25,E09000011,2702
2021-11-25,E09000012,1229
2021-11-25,E09000013,1763
2021-11-25,E09000014,1645
2021-11-25,E09000015,2196
2021-11-25,E09000016,4146
2021-11-25,E09000017,4098
2021-11-25,E09000018,2598
2021-11-25,E09000019,1461
2021-11-25,E09000020,1765
2021-11-25,E09000021,2055
2021-11-25,E09000022,2110
2021-11-25,E09000023,1916
2021-11-25,E09000024,2078
2021-11-25,E09000025,2617
2021-11-25,E09000026,2810
2021-11-25,E09000027,2207
2021-11-25,E09000028,2632
2021-11-25,E09000029,2715
2021-11-25,E09000030,2104
2021-11-25,E09000031,1925
2021-11-25,E09000032,2743
2021-11-25,E09000033,5712
2021-11-26,E09000001,1104
2021-11-26,E09000002,2176
2021-11-26,E09000003,4066
2021-11-26,E09000004,3990
2021-11-26,E09000005,2819
2021-11-26,E09000006,5386
2021-11-26,E09000007,2923
2021-11-26,E09000008,4306
2021-11-26,E09000009,2991
2021-11-26,E09000010,2733
2021-11-26,E09000011,3191
2021-11-26,E09000012,1140
2021-11-26,E09000013,2139
2021-11-26,E09000014,1673
2021-11-26,E09000015,2319
2021-11-26,E09000016,4587
2021-11-26,E09000017,4346
2021-11-26,E09000018,2540
2021-11-26,E09000019,1374
2021-11-26,E09000020,1970
2021-11-26,E09000021,2257
2021-11-26,E09000022,2275
2021-11-26,E09000023,2114
2021-11-26,E09000024,2248
2021-11-26,E09000025,2841
2021-11-26,E09000026,2808
2021-11-26,E09000027,2296
2021-11-26,E09000028,2846
2021-11-26,E09000029,2832
2021-11-26,E09000030,2121
2021-11-26,E09000031,1977
2021-11-26,E09000032,2928
2021-11-26,E09000033,6130
2021-11-27,E09000001,633
2021-11-27,E09000002,1897
2021-11-27,E09000003,3688
2021-11-27,E09000004,3402
2021-11-27,E09000005,2514
2021-11-27,E09000006,5206
2021-11-27,E09000007,2386
2021-11-27,E09000008,4440
2021-11-27,E09000009,2935
2021-11-27,E09000010,2716
2021-11-27,E09000011,3136
2021-11-27,E09000012,1274
2021-11-27,E09000013,2084
2021-11-27,E09000014,1619
2021-11-27,E09000015,2335
2021-11-27,E09000016,4018
2021-11-27,E09000017,3845
2021-11-27,E09000018,2594
2021-11-27,E09000019,1612
2021-11-27,E09000020,1803
2021-11-27,E09000021,2212
2021-11-27,E09000022,2291
2021-11-27,E09000023,2057
2021-11-27,E09000024,2313
2021-11-27,E09000025,2687
2021-11-27,E09000026,2602
2021-11-27,E09000027,2452
2021-11-27,E09000028,2473
2021-11-27,E09000029,2599
2021-11-27,E09000030,1761
2021-11-27,E09000031,1864
2021-11-27,E09000032,2653
2021-11-27,E09000033,5963
2021-11-28,E09000001,386
2021-11-28,E09000002,1452
2021-11-28,E09000003,3134
2021-11-28,E09000004,2353
2021-11-28,E09000005,2125
2021-11-28,E09000006,3949
2021-11-28,E09000007,1769
2021-11-28,E09000008,2924
2021-11-28,E09000009,2355
2021-11-28,E09000010,2064
2021-11-28,E09000011,2769
2021-11-28,E09000012,914
2021-11-28,E09000013,1681
2021-11-28,E09000014,1345
2021-11-28,E09000015,1847
2021-11-28,E09000016,3037
2021-11-28,E09000017,3099
2021-11-28,E09000018,2306
2021-11-28,E09000019,916
2021-11-28,E09000020,1322
2021-11-28,E09000021,1497
2021-11-28,E09000022,1662
2021-11-28,E09000023,1483
2021-11-28,E09000024,1695
2021-11-28,E09000025,2148
2021-11-28,E09000026,2180
2021-11-28,E09000027,1525
2021-11-28,E09000028,1867
2021-11-28,E09000029,1861
2021-11-28,E09000030,1407
2021-11-28,E09000031,1350
2021-11-28,E09000032,1773
2021-11-28,E09000033,4251
2021-11-29,E09000001,1048
2021-11-29,E09000002,1977
2021-11-29,E09000003,3760
2021-11-29,E09000004,3414
2021-11-29,E09000005,2313
2021-11-29,E09000006,4750
2021-11-29,E09000007,2507
2021-11-29,E09000008,3550
2021-11-29,E09000009,2506
2021-11-29,E09000010,2345
2021-11-29,E09000011,2590
2021-11-29,E09000012,959
2021-11-29,E09000013,1539
2021-11-29,E09000014,1494
2021-11-29,E09000015,1951
2021-11-29,E09000016,3891
2021-11-29,E09000017,3987
2021-11-29,E09000018,2406
2021-11-29,E09000019,1176
2021-11-29,E09000020,1394
2021-11-29,E09000021,1965
2021-11-29,E09000022,1775
2021-11-29,E09000023,1915
2021-11-29,E09000024,1859
2021-11-29,E09000025,2453
2021-11-29,E09000026,2459
2021-11-29,E09000027,1812
2021-11-29,E09000028,2249
2021-11-29,E09000029,2429
2021-11-29,E09000030,1740
2021-11-29,E09000031,1730
2021-11-29,E09000032,2422
2021-11-29,E09000033,4394
2021-11-3,E09000001,1430
2021-11-3,E09000002,2119
2021-11-3,E09000003,3794
2021-11-3,E09000004,3072
2021-11-3,E09000005,2488
2021-11-3,E09000006,4525
2021-11-3,E09000007,2602
2021-11-3,E09000008,3583
2021-11-3,E09000009,2644
2021-11-3,E09000010,2460
2021-11-3,E09000011,2656
2021-11-3,E09000012,1210
2021-11-3,E09000013,1646
2021-11-3,E09000014,1536
2021-11-3,E09000015,2204
2021-11-3,E09000016,3852
2021-11-3,E09000017,3876
2021-11-3,E09000018,2483
2021-11-3,E09000019,1288
2021-11-3,E09000020,1525
2021-11-3,E09000021,1699
2021-11-3,E09000022,2045
2021-11-3,E09000023,1960
2021-11-3,E09000024,1904
2021-11-3,E09000025,2418
2021-11-3,E09000026,2656
2021-11-3,E09000027,1935
2021-11-3,E09000028,2375
2021-11-3,E09000029,2243
2021-11-3,E09000030,1904
2021-11-3,E09000031,1784
2021-11-3,E09000032,2556
2021-11-3,E09000033,4910
2021-11-30,E09000001,1338
2021-11-30,E09000002,2020
2021-11-30,E09000003,3772
2021-11-30,E09000004,3617
2021-11-30,E09000005,2460
2021-11-30,E09000006,4819
2021-11-30,E09000007,2711
2021-11-30,E09000008,3741
2021-11-30,E09000009,2657
2021-11-30,E09000010,2514
2021-11-30,E09000011,2816
2021-11-30,E09000012,1092
2021-11-30,E09000013,1506
2021-11-30,E09000014,1545
2021-11-30,E09000015,2068
2021-11-30,E09000016,4025
2021-11-30,E09000017,3998
2021-11-30,E09000018,2481
2021-11-30,E09000019,1375
2021-11-30,E09000020,1698
2021-11-30,E09000021,1873
2021-11-30,E09000022,2115
2021-11-30,E09000023,1978
2021-11-30,E09000024,1884
2021-11-30,E09000025,2410
2021-11-30,E09000026,2551
2021-11-30,E09000027,2031
2021-11-30,E09000028,2566
2021-11-30,E09000029,2564
2021-11-30,E09000030,1868
2021-11-30,E09000031,1868
2021-11-30,E09000032,2578
2021-11-30,E09000033,4961
2021-11-4,E09000001,1473
2021-11-4,E09000002,2093
2021-11-4,E09000003,3718
2021-11-4,E09000004,3290
2021-11-4,E09000005,2557
2021-11-4,E09000006,4856
2021-11-4,E09000007,2805
2021-11-4,E09000008,3692
2021-11-4,E09000009,2902
2021-11-4,E09000010,2501
2021-11-4,E09000011,2811
2021-11-4,E09000012,1150
2021-11-4,E09000013,1694
2021-11-4,E09000014,1908
2021-11-4,E09000015,2215
2021-11-4,E09000016,3937
2021-11-4,E09000017,3901
2021-11-4,E09000018,2681
2021-11-4,E09000019,1459
2021-11-4,E09000020,1581
2021-11-4,E09000021,1730
2021-11-4,E09000022,1962
2021-11-4,E09000023,1897
2021-11-4,E09000024,1975
2021-11-4,E09000025,2405
2021-11-4,E09000026,2760
2021-11-4,E09000027,1903
2021-11-4,E09000028,2542
2021-11-4,E09000029,2303
2021-11-4,E09000030,1985
2021-11-4,E09000031,1800
2021-11-4,E09000032,2628
2021-11-4,E09000033,4916
2021-11-5,E09000001,1058
2021-11-5,E09000002,2322
2021-11-5,E09000003,4145
2021-11-5,E09000004,3643
2021-11-5,E09000005,3265
2021-11-5,E09000006,5775
2021-11-5,E09000007,2972
2021-11-5,E09000008,4027
2021-11-5,E09000009,2868
2021-11-5,E09000010,2735
2021-11-5,E09000011,3179
2021-11-5,E09000012,1215
2021-11-5,E09000013,1854
2021-11-5,E09000014,1716
2021-11-5,E09000015,2652
2021-11-5,E09000016,4490
2021-11-5,E09000017,4146
2021-11-5,E09000018,2640
2021-11-5,E09000019,1421
2021-11-5,E09000020,1782
2021-11-5,E09000021,1892
2021-11-5,E09000022,2326
2021-11-5,E09000023,2257
2021-11-5,E09000024,2378
2021-11-5,E09000025,2655
2021-11-5,E09000026,3001
2021-11-5,E09000027,2264
2021-11-5,E09000028,2772
2021-11-5,E09000029,2539
2021-11-5,E09000030,2020
2021-11-5,E09000031,2066
2021-11-5,E09000032,2969
2021-11-5,E09000033,5004
2021-11-6,E09000001,600
2021-11-6,E09000002,1946
2021-11-6,E09000003,3746
2021-11-6,E09000004,3764
2021-11-6,E09000005,2663
2021-11-6,E09000006,5361
2021-11-6,E09000007,2223
2021-11-6,E09000008,4336
2021-11-6,E09000009,2889
2021-11-6,E09000010,2923
2021-11-6,E09000011,3265
2021-11-6,E09000012,1124
2021-11-6,E09000013,2225
2021-11-6,E09000014,2235
2021-11-6,E09000015,2583
2021-11-6,E09000016,4268
2021-11-6,E09000017,3852
2021-11-6,E09000018,2729
2021-11-6,E09000019,1129
2021-11-6,E09000020,1768
2021-11-6,E09000021,2112
2021-11-6,E09000022,2318
2021-11-6,E09000023,2083
2021-11-6,E09000024,2597
2021-11-6,E09000025,2854
2021-11-6,E09000026,2692
2021-11-6,E09000027,3016
2021-11-6,E09000028,2660
2021-11-6,E09000029,2554
2021-11-6,E09000030,1779
2021-11-6,E09000031,1816
2021-11-6,E09000032,2817
2021-11-6,E09000033,5197
2021-11-7,E09000001,379
2021-11-7,E09000002,1605
2021-11-7,E09000003,3002
2021-11-7,E09000004,2234
2021-11-7,E09000005,1925
2021-11-7,E09000006,3906
2021-11-7,E09000007,1619
2021-11-7,E09000008,2838
2021-11-7,E09000009,2164
2021-11-7,E09000010,2073
2021-11-7,E09000011,2606
2021-11-7,E09000012,906
2021-11-7,E09000013,1330
2021-11-7,E09000014,1330
2021-11-7,E09000015,1810
2021-11-7,E09000016,2989
2021-11-7,E09000017,3187
2021-11-7,E09000018,2114
2021-11-7,E09000019,1166
2021-11-7,E09000020,1186
2021-11-7,E09000021,1378
2021-11-7,E09000022,1637
2021-11-7,E09000023,1362
2021-11-7,E09000024,1627
2021-11-7,E09000025,2607
2021-11-7,E09000026,2118
2021-11-7,E09000027,1810
2021-11-7,E09000028,1705
2021-11-7,E09000029,1918
2021-11-7,E09000030,1408
2021-11-7,E09000031,1459
2021-11-7,E09000032,2123
2021-11-7,E09000033,3380
2021-11-8,E09000001,998
2021-11-8,E09000002,2009
2021-11-8,E09000003,3494
2021-11-8,E09000004,3419
2021-11-8,E09000005,2448
2021-11-8,E09000006,4597
2021-11-8,E09000007,2167
2021-11-8,E09000008,3542
2021-11-8,E09000009,2321
2021-11-8,E09000010,2357
2021-11-8,E09000011,2725
2021-11-8,E09000012,970
2021-11-8,E09000013,1393
2021-11-8,E09000014,1424
2021-11-8,E09000015,2006
2021-11-8,E09000016,3903
2021-11-8,E09000017,3988
2021-11-8,E09000018,2280
2021-11-8,E09000019,1105
2021-11-8,E09000020,1412
2021-11-8,E09000021,1878
2021-11-8,E09000022,1873
2021-11-8,E09000023,1817
2021-11-8,E09000024,1795
2021-11-8,E09000025,2442
2021-11-8,E09000026,2576
2021-11-8,E09000027,1835
2021-11-8,E09000028,2273
2021-11-8,E09000029,2537
2021-11-8,E09000030,1634
2021-11-8,E09000031,1750
2021-11-8,E09000032,2437
2021-11-8,E09000033,4092
2021-11-9,E09000001,1346
2021-11-9,E09000002,2231
2021-11-9,E09000003,3614
2021-11-9,E09000004,3545
2021-11-9,E09000005,2329
2021-11-9,E09000006,4654
2021-11-9,E09000007,2472
2021-11-9,E09000008,3735
2021-11-9,E09000009,2542
2021-11-9,E09000010,2582
2021-11-9,E09000011,2691
2021-11-9,E09000012,1065
2021-11-9,E09000013,1478
2021-11-9,E09000014,1399
2021-11-9,E09000015,2003
2021-11-9,E09000016,4039
2021-11-9,E09000017,4032
2021-11-9,E09000018,2519
2021-11-9,E09000019,1341
2021-11-9,E09000020,1449
2021-11-9,E09000021,1866
2021-11-9,E09000022,1962
2021-11-9,E09000023,1895
2021-11-9,E09000024,1927
2021-11-9,E09000025,2484
2021-11-9,E09000026,2720
2021-11-9,E09000027,2054
2021-11-9,E09000028,2533
2021-11-9,E09000029,2632
2021-11-9,E09000030,1839
2021-11-9,E09000031,1822
2021-11-9,E09000032,2600
2021-11-9,E09000033,4660
2021-12-1,E09000001,1624
2021-12-1,E09000002,2323
2021-12-1,E09000003,3994
2021-12-1,E09000004,3854
2021-12-1,E09000005,2483
2021-12-1,E09000006,5082
2021-12-1,E09000007,3002
2021-12-1,E09000008,4098
2021-12-1,E09000009,2938
2021-12-1,E09000010,2526
2021-12-1,E09000011,2886
2021-12-1,E09000012,1166
2021-12-1,E09000013,1705
2021-12-1,E09000014,1590
2021-12-1,E09000015,2294
2021-12-1,E09000016,4262
2021-12-1,E09000017,4224
2021-12-1,E09000018,2666
2021-12-1,E09000019,1468
2021-12-1,E09000020,1774
2021-12-1,E09000021,1973
2021-12-1,E09000022,2180
2021-12-1,E09000023,2099
2021-12-1,E09000024,2076
2021-12-1,E09000025,2927
2021-12-1,E09000026,2843
2021-12-1,E09000027,2176
2021-12-1,E09000028,2710
2021-12-1,E09000029,2705
2021-12-1,E09000030,2204
2021-12-1,E09000031,1980
2021-12-1,E09000032,2816
2021-12-1,E09000033,5337
2021-12-10,E09000001,1278
2021-12-10,E09000002,2296
2021-12-10,E09000003,4078
2021-12-10,E09000004,4030
2021-12-10,E09000005,2738
2021-12-10,E09000006,5699
2021-12-10,E09000007,3149
2021-12-10,E09000008,4290
2021-12-10,E09000009,3138
2021-12-10,E09000010,2825
2021-12-10,E09000011,3193
2021-12-10,E09000012,1262
2021-12-10,E09000013,1891
2021-12-10,E09000014,1702
2021-12-10,E09000015,2370
2021-12-10,E09000016,4640
2021-12-10,E09000017,4467
2021-12-10,E09000018,3119
2021-12-10,E09000019,1503
2021-12-10,E09000020,1890
2021-12-10,E09000021,2282
2021-12-10,E09000022,2408
2021-12-10,E09000023,2294
2021-12-10,E09000024,2289
2021-12-10,E09000025,2706
2021-12-10,E09000026,3062
2021-12-10,E09000027,2456
2021-12-10,E09000028,2822
2021-12-10,E09000029,2940
2021-12-10,E09000030,2212
2021-12-10,E09000031,2194
2021-12-10,E09000032,3137
2021-12-10,E09000033,5692
2021-12-11,E09000001,585
2021-12-11,E09000002,1881
2021-12-11,E09000003,3618
2021-12-11,E09000004,3295
2021-12-11,E09000005,2553
2021-12-11,E09000006,5345
2021-12-11,E09000007,2453
2021-12-11,E09000008,3762
2021-12-11,E09000009,2990
2021-12-11,E09000010,2608
2021-12-11,E09000011,3579
2021-12-11,E09000012,1228
2021-12-11,E09000013,2186
2021-12-11,E09000014,1609
2021-12-11,E09000015,2277
2021-12-11,E09000016,4129
2021-12-11,E09000017,3929
2021-12-11,E09000018,2585
2021-12-11,E09000019,1562
2021-12-11,E09000020,1588
2021-12-11,E09000021,2199
2021-12-11,E09000022,2379
2021-12-11,E09000023,1989
2021-12-11,E09000024,2147
2021-12-11,E09000025,2648
2021-12-11,E09000026,2608
2021-12-11,E09000027,2091
2021-12-11,E09000028,2400
2021-12-11,E09000029,2566
2021-12-11,E09000030,1983
2021-12-11,E09000031,1889
2021-12-11,E09000032,2521
2021-12-11,E09000033,5284
2021-12-12,E09000001,283
2021-12-12,E09000002,1326
2021-12-12,E09000003,3038
2021-12-12,E09000004,2463
2021-12-12,E09000005,1980
2021-12-12,E09000006,3689
2021-12-12,E09000007,1625
2021-12-12,E09000008,2989
2021-12-12,E09000009,2272
2021-12-12,E09000010,2083
2021-12-12,E09000011,2706
2021-12-12,E09000012,928
2021-12-12,E09000013,1248
2021-12-12,E09000014,1292
2021-12-12,E09000015,1703
2021-12-12,E09000016,2828
2021-12-12,E09000017,3095
2021-12-12,E09000018,2026
2021-12-12,E09000019,874
2021-12-12,E09000020,1091
2021-12-12,E09000021,1551
2021-12-12,E09000022,1730
2021-12-12,E09000023,1344
2021-12-12,E09000024,1564
2021-12-12,E09000025,2139
2021-12-12,E09000026,1910
2021-12-12,E09000027,1499
2021-12-12,E09000028,1663
2021-12-12,E09000029,1826
2021-12-12,E09000030,1413
2021-12-12,E09000031,1407
2021-12-12,E09000032,1904
2021-12-12,E09000033,3925
2021-12-13,E09000001,863
2021-12-13,E09000002,2068
2021-12-13,E09000003,3669
2021-12-13,E09000004,3573
2021-12-13,E09000005,2345
2021-12-13,E09000006,4877
2021-12-13,E09000007,2304
2021-12-13,E09000008,3707
2021-12-13,E09000009,2715
2021-12-13,E09000010,2403
2021-12-13,E09000011,2826
2021-12-13,E09000012,1072
2021-12-13,E09000013,1551
2021-12-13,E09000014,1415
2021-12-13,E09000015,2019
2021-12-13,E09000016,3996
2021-12-13,E09000017,4109
2021-12-13,E09000018,2483
2021-12-13,E09000019,1239
2021-12-13,E09000020,1400
2021-12-13,E09000021,1966
2021-12-13,E09000022,1984
2021-12-13,E09000023,1911
2021-12-13,E09000024,1941
2021-12-13,E09000025,2409
2021-12-13,E09000026,2633
2021-12-13,E09000027,1973
2021-12-13,E09000028,2228
2021-12-13,E09000029,2506
2021-12-13,E09000030,1742
2021-12-13,E09000031,1944
2021-12-13,E09000032,2422
2021-12-13,E09000033,4157
2021-12-14,E09000001,997
2021-12-14,E09000002,2125
2021-12-14,E09000003,3844
2021-12-14,E09000004,3637
2021-12-14,E09000005,2412
2021-12-14,E09000006,5113
2021-12-14,E09000007,2329
2021-12-14,E09000008,3813
2021-12-14,E09000009,2846
2021-12-14,E09000010,2420
2021-12-14,E09000011,2870
2021-12-14,E09000012,1090
2021-12-14,E09000013,1505
2021-12-14,E09000014,1460
2021-12-14,E09000015,2133
2021-12-14,E09000016,4129
2021-12-14,E09000017,4297
2021-12-14,E09000018,2556
2021-12-14,E09000019,1310
2021-12-14,E09000020,1598
2021-12-14,E09000021,2103
2021-12-14,E09000022,2059
2021-12-14,E09000023,1961
2021-12-14,E09000024,1904
2021-12-14,E09000025,2701
2021-12-14,E09000026,2692
2021-12-14,E09000027,2142
2021-12-14,E09000028,2369
2021-12-14,E09000029,2550
2021-12-14,E09000030,1912
2021-12-14,E09000031,1912
2021-12-14,E09000032,2477
2021-12-14,E09000033,4476
2021-12-15,E09000001,875
2021-12-15,E09000002,2040
2021-12-15,E09000003,3647
2021-12-15,E09000004,3595
2021-12-15,E09000005,2352
2021-12-15,E09000006,5112
2021-12-15,E09000007,2400
2021-12-15,E09000008,3996
2021-12-15,E09000009,2848
2021-12-15,E09000010,2563
2021-12-15,E09000011,2768
2021-12-15,E09000012,1061
2021-12-15,E09000013,1683
2021-12-15,E09000014,1510
2021-12-15,E09000015,2171
2021-12-15,E09000016,4315
2021-12-15,E09000017,4569
2021-12-15,E09000018,2651
2021-12-15,E09000019,1675
2021-12-15,E09000020,1682
2021-12-15,E09000021,2101
2021-12-15,E09000022,2007
2021-12-15,E09000023,1997
2021-12-15,E09000024,2024
2021-12-15,E09000025,2400
2021-12-15,E09000026,2777
2021-12-15,E09000027,2087
2021-12-15,E09000028,2140
2021-12-15,E09000029,2552
2021-12-15,E09000030,1998
2021-12-15,E09000031,1866
2021-12-15,E09000032,2581
2021-12-15,E09000033,4576
2021-12-16,E09000001,885
2021-12-16,E09000002,2012
2021-12-16,E09000003,3562
2021-12-16,E09000004,3666
2021-12-16,E09000005,2339
2021-12-16,E09000006,5106
2021-12-16,E09000007,2246
2021-12-16,E09000008,3771
2021-12-16,E09000009,2758
2021-12-16,E09000010,2595
2021-12-16,E09000011,2860
2021-12-16,E09000012,1045
2021-12-16,E09000013,1804
2021-12-16,E09000014,1464
2021-12-16,E09000015,1966
2021-12-16,E09000016,4257
2021-12-16,E09000017,4401
2021-12-16,E09000018,2587
2021-12-16,E09000019,1217
2021-12-16,E09000020,1570
2021-12-16,E09000021,2105
2021-12-16,E09000022,1891
2021-12-16,E09000023,2059
2021-12-16,E09000024,1880
2021-12-16,E09000025,2568
2021-12-16,E09000026,2597
2021-12-16,E09000027,2063
2021-12-16,E09000028,2087
2021-12-16,E09000029,2690
2021-12-16,E09000030,1846
2021-12-16,E09000031,1813
2021-12-16,E09000032,2417
2021-12-16,E09000033,4495
2021-12-17,E09000001,747
2021-12-17,E09000002,2100
2021-12-17,E09000003,3699
2021-12-17,E09000004,3709
2021-12-17,E09000005,2590
2021-12-17,E09000006,5379
2021-12-17,E09000007,2350
2021-12-17,E09000008,4000
2021-12-17,E09000009,2790
2021-12-17,E09000010,2719
2021-12-17,E09000011,3066
2021-12-17,E09000012,1057
2021-12-17,E09000013,1777
2021-12-17,E09000014,1541
2021-12-17,E09000015,2116
2021-12-17,E09000016,4734
2021-12-17,E09000017,4524
2021-12-17,E09000018,2678
2021-12-17,E09000019,1197
2021-12-17,E09000020,1477
2021-12-17,E09000021,2101
2021-12-17,E09000022,2086
2021-12-17,E09000023,2142
2021-12-17,E09000024,1833
2021-12-17,E09000025,2601
2021-12-17,E09000026,2777
2021-12-17,E09000027,2165
2021-12-17,E09000028,2145
2021-12-17,E09000029,2779
2021-12-17,E09000030,1828
2021-12-17,E09000031,1908
2021-12-17,E09000032,2544
2021-12-17,E09000033,4582
2021-12-18,E09000001,421
2021-12-18,E09000002,1737
2021-12-18,E09000003,3046
2021-12-18,E09000004,2936
2021-12-18,E09000005,2217
2021-12-18,E09000006,4498
2021-12-18,E09000007,1829
2021-12-18,E09000008,3349
2021-12-18,E09000009,2345
2021-12-18,E09000010,2340
2021-12-18,E09000011,3049
2021-12-18,E09000012,895
2021-12-18,E09000013,1508
2021-12-18,E09000014,1368
2021-12-18,E09000015,1982
2021-12-18,E09000016,3912
2021-12-18,E09000017,3937
2021-12-18,E09000018,2365
2021-12-18,E09000019,954
2021-12-18,E09000020,1211
2021-12-18,E09000021,1862
2021-12-18,E09000022,1974
2021-12-18,E09000023,1712
2021-12-18,E09000024,1845
2021-12-18,E09000025,2671
2021-12-18,E09000026,2243
2021-12-18,E09000027,1863
2021-12-18,E09000028,1797
2021-12-18,E09000029,2530
2021-12-18,E09000030,1602
2021-12-18,E09000031,1695
2021-12-18,E09000032,2002
2021-12-18,E09000033,4260
2021-12-19,E09000001,233
2021-12-19,E09000002,1258
2021-12-19,E09000003,2600
2021-12-19,E09000004,2125
2021-12-19,E09000005,1691
2021-12-19,E09000006,3482
2021-12-19,E09000007,1303
2021-12-19,E09000008,2484
2021-12-19,E09000009,1964
2021-12-19,E09000010,1859
2021-12-19,E09000011,2288
2021-12-19,E09000012,660
2021-12-19,E09000013,1093
2021-12-19,E09000014,1432
2021-12-19,E09000015,1594
2021-12-19,E09000016,2713
2021-12-19,E09000017,3187
2021-12-19,E09000018,1797
2021-12-19,E09000019,647
2021-12-19,E09000020,940
2021-12-19,E09000021,1307
2021-12-19,E09000022,1411
2021-12-19,E09000023,1253
2021-12-19,E09000024,1416
2021-12-19,E09000025,1993
2021-12-19,E09000026,1752
2021-12-19,E09000027,1248
2021-12-19,E09000028,1356
2021-12-19,E09000029,1662
2021-12-19,E09000030,1212
2021-12-19,E09000031,1237
2021-12-19,E09000032,1491
2021-12-19,E09000033,3275
2021-12-2,E09000001,1690
2021-12-2,E09000002,2201
2021-12-2,E09000003,4011
2021-12-2,E09000004,3858
2021-12-2,E09000005,2653
2021-12-2,E09000006,5237
2021-12-2,E09000007,3117
2021-12-2,E09000008,4064
2021-12-2,E09000009,2922
2021-12-2,E09000010,2573
2021-12-2,E09000011,3099
2021-12-2,E09000012,1225
2021-12-2,E09000013,1684
2021-12-2,E09000014,2021
2021-12-2,E09000015,2175
2021-12-2,E09000016,4423
2021-12-2,E09000017,4216
2021-12-2,E09000018,2714
2021-12-2,E09000019,1554
2021-12-2,E09000020,1679
2021-12-2,E09000021,2050
2021-12-2,E09000022,2163
2021-12-2,E09000023,2077
2021-12-2,E09000024,2040
2021-12-2,E09000025,2658
2021-12-2,E09000026,2820
2021-12-2,E09000027,2272
2021-12-2,E09000028,2643
2021-12-2,E09000029,2745
2021-12-2,E09000030,2111
2021-12-2,E09000031,2001
2021-12-2,E09000032,2876
2021-12-2,E09000033,5798
2021-12-20,E09000001,577
2021-12-20,E09000002,1523
2021-12-20,E09000003,2987
2021-12-20,E09000004,2506
2021-12-20,E09000005,2189
2021-12-20,E09000006,3921
2021-12-20,E09000007,1520
2021-12-20,E09000008,2962
2021-12-20,E09000009,2189
2021-12-20,E09000010,2107
2021-12-20,E09000011,2491
2021-12-20,E09000012,781
2021-12-20,E09000013,1516
2021-12-20,E09000014,1221
2021-12-20,E09000015,1601
2021-12-20,E09000016,3192
2021-12-20,E09000017,3430
2021-12-20,E09000018,2007
2021-12-20,E09000019,897
2021-12-20,E09000020,1139
2021-12-20,E09000021,1605
2021-12-20,E09000022,1474
2021-12-20,E09000023,1452
2021-12-20,E09000024,1560
2021-12-20,E09000025,2247
2021-12-20,E09000026,1987
2021-12-20,E09000027,1467
2021-12-20,E09000028,1697
2021-12-20,E09000029,2020
2021-12-20,E09000030,1401
2021-12-20,E09000031,1468
2021-12-20,E09000032,1899
2021-12-20,E09000033,3952
2021-12-21,E09000001,576
2021-12-21,E09000002,1597
2021-12-21,E09000003,2965
2021-12-21,E09000004,2535
2021-12-21,E09000005,2048
2021-12-21,E09000006,4005
2021-12-21,E09000007,1601
2021-12-21,E09000008,3159
2021-12-21,E09000009,2162
2021-12-21,E09000010,2098
2021-12-21,E09000011,2392
2021-12-21,E09000012,765
2021-12-21,E09000013,1333
2021-12-21,E09000014,1243
2021-12-21,E09000015,1640
2021-12-21,E09000016,3223
2021-12-21,E09000017,3271
2021-12-21,E09000018,2094
2021-12-21,E09000019,1191
2021-12-21,E09000020,1173
2021-12-21,E09000021,1484
2021-12-21,E09000022,1432
2021-12-21,E09000023,1418
2021-12-21,E09000024,1664
2021-12-21,E09000025,2193
2021-12-21,E09000026,2006
2021-12-21,E09000027,1688
2021-12-21,E09000028,1676
2021-12-21,E09000029,1908
2021-12-21,E09000030,1506
2021-12-21,E09000031,1532
2021-12-21,E09000032,1924
2021-12-21,E09000033,4163
2021-12-22,E09000001,543
2021-12-22,E09000002,1358
2021-12-22,E09000003,2578
2021-12-22,E09000004,2312
2021-12-22,E09000005,1718
2021-12-22,E09000006,3708
2021-12-22,E09000007,1429
2021-12-22,E09000008,2848
2021-12-22,E09000009,2003
2021-12-22,E09000010,1904
2021-12-22,E09000011,2350
2021-12-22,E09000012,736
2021-12-22,E09000013,1126
2021-12-22,E09000014,1573
2021-12-22,E09000015,1558
2021-12-22,E09000016,2995
2021-12-22,E09000017,2915
2021-12-22,E09000018,1993
2021-12-22,E09000019,796
2021-12-22,E09000020,962
2021-12-22,E09000021,1362
2021-12-22,E09000022,1445
2021-12-22,E09000023,1412
2021-12-22,E09000024,1384
2021-12-22,E09000025,1971
2021-12-22,E09000026,1760
2021-12-22,E09000027,1395
2021-12-22,E09000028,1391
2021-12-22,E09000029,1985
2021-12-22,E09000030,1233
2021-12-22,E09000031,1372
2021-12-22,E09000032,1642
2021-12-22,E09000033,3512
2021-12-23,E09000001,481
2021-12-23,E09000002,1557
2021-12-23,E09000003,2820
2021-12-23,E09000004,2767
2021-12-23,E09000005,1949
2021-12-23,E09000006,4094
2021-12-23,E09000007,1541
2021-12-23,E09000008,3092
2021-12-23,E09000009,2174
2021-12-23,E09000010,2008
2021-12-23,E09000011,2509
2021-12-23,E09000012,740
2021-12-23,E09000013,1128
2021-12-23,E09000014,1282
2021-12-23,E09000015,1592
2021-12-23,E09000016,3365
2021-12-23,E09000017,3183
2021-12-23,E09000018,2060
2021-12-23,E09000019,824
2021-12-23,E09000020,1096
2021-12-23,E09000021,1568
2021-12-23,E09000022,1449
2021-12-23,E09000023,1534
2021-12-23,E09000024,1616
2021-12-23,E09000025,2070
2021-12-23,E09000026,1982
2021-12-23,E09000027,1553
2021-12-23,E09000028,1574
2021-12-23,E09000029,2218
2021-12-23,E09000030,1251
2021-12-23,E09000031,1442
2021-12-23,E09000032,1685
2021-12-23,E09000033,3596
2021-12-24,E09000001,330
2021-12-24,E09000002,1668
2021-12-24,E09000003,2623
2021-12-24,E09000004,2513
2021-12-24,E09000005,1766
2021-12-24,E09000006,3814
2021-12-24,E09000007,1086
2021-12-24,E09000008,2975
2021-12-24,E09000009,2066
2021-12-24,E09000010,2078
2021-12-24,E09000011,2323
2021-12-24,E09000012,615
2021-12-24,E09000013,858
2021-12-24,E09000014,1099
2021-12-24,E09000015,1665
2021-12-24,E09000016,3174
2021-12-24,E09000017,3121
2021-12-24,E09000018,2003
2021-12-24,E09000019,697
2021-12-24,E09000020,849
2021-12-24,E09000021,1243
2021-12-24,E09000022,1286
2021-12-24,E09000023,1538
2021-12-24,E09000024,1501
2021-12-24,E09000025,1934
2021-12-24,E09000026,2028
2021-12-24,E09000027,1351
2021-12-24,E09000028,1316
2021-12-24,E09000029,2173
2021-12-24,E09000030,1182
2021-12-24,E09000031,1404
2021-12-24,E09000032,1492
2021-12-24,E09000033,2644
2021-12-25,E09000001,55
2021-12-25,E09000002,797
2021-12-25,E09000003,1139
2021-12-25,E09000004,1269
2021-12-25,E09000005,1017
2021-12-25,E09000006,1496
2021-12-25,E09000007,462
2021-12-25,E09000008,1319
2021-12-25,E09000009,1042
2021-12-25,E09000010,940
2021-12-25,E09000011,929
2021-12-25,E09000012,371
2021-12-25,E09000013,344
2021-12-25,E09000014,534
2021-12-25,E09000015,968
2021-12-25,E09000016,1329
2021-12-25,E09000017,1553
2021-12-25,E09000018,894
2021-12-25,E09000019,363
2021-12-25,E09000020,272
2021-12-25,E09000021,493
2021-12-25,E09000022,613
2021-12-25,E09000023,664
2021-12-25,E09000024,562
2021-12-25,E09000025,865
2021-12-25,E09000026,1072
2021-12-25,E09000027,555
2021-12-25,E09000028,552
2021-12-25,E09000029,921
2021-12-25,E09000030,601
2021-12-25,E09000031,622
2021-12-25,E09000032,592
2021-12-25,E09000033,1095
2021-12-26,E09000001,86
2021-12-26,E09000002,922
2021-12-26,E09000003,1621
2021-12-26,E09000004,1269
2021-12-26,E09000005,1156
2021-12-26,E09000006,1919
2021-12-26,E09000007,635
2021-12-26,E09000008,1578
2021-12-26,E09000009,1229
2021-12-26,E09000010,1160
2021-12-26,E09000011,1273
2021-12-26,E09000012,338
2021-12-26,E09000013,782
2021-12-26,E09000014,1017
2021-12-26,E09000015,990
2021-12-26,E09000016,1691
2021-12-26,E09000017,1884
2021-12-26,E09000018,1081
2021-12-26,E09000019,366
2021-12-26,E09000020,496
2021-12-26,E09000021,724
2021-12-26,E09000022,711
2021-12-26,E09000023,744
2021-12-26,E09000024,836
2021-12-26,E09000025,1635
2021-12-26,E09000026,1141
2021-12-26,E09000027,719
2021-12-26,E09000028,695
2021-12-26,E09000029,993
2021-12-26,E09000030,692
2021-12-26,E09000031,712
2021-12-26,E09000032,823
2021-12-26,E09000033,2460
2021-12-27,E09000001,189
2021-12-27,E09000002,875
2021-12-27,E09000003,2099
2021-12-27,E09000004,1530
2021-12-27,E09000005,1353
2021-12-27,E09000006,2394
2021-12-27,E09000007,892
2021-12-27,E09000008,1956
2021-12-27,E09000009,1480
2021-12-27,E09000010,1549
2021-12-27,E09000011,1683
2021-12-27,E09000012,458
2021-12-27,E09000013,1152
2021-12-27,E09000014,819
2021-12-27,E09000015,1256
2021-12-27,E09000016,1919
2021-12-27,E09000017,2130
2021-12-27,E09000018,1245
2021-12-27,E09000019,470
2021-12-27,E09000020,629
2021-12-27,E09000021,1135
2021-12-27,E09000022,856
2021-12-27,E09000023,842
2021-12-27,E09000024,993
2021-12-27,E09000025,1666
2021-12-27,E09000026,1302
2021-12-27,E09000027,1622
2021-12-27,E09000028,909
2021-12-27,E09000029,1188
2021-12-27,E09000030,835
2021-12-27,E09000031,849
2021-12-27,E09000032,944
2021-12-27,E09000033,2610
2021-12-28,E09000001,188
2021-12-28,E09000002,1015
2021-12-28,E09000003,2071
2021-12-28,E09000004,1670
2021-12-28,E09000005,1500
2021-12-28,E09000006,2629
2021-12-28,E09000007,1069
2021-12-28,E09000008,2214
2021-12-28,E09000009,1583
2021-12-28,E09000010,1582
2021-12-28,E09000011,1829
2021-12-28,E09000012,536
2021-12-28,E09000013,1082
2021-12-28,E09000014,877
2021-12-28,E09000015,1180
2021-12-28,E09000016,2156
2021-12-28,E09000017,2253
2021-12-28,E09000018,1377
2021-12-28,E09000019,495
2021-12-28,E09000020,806
2021-12-28,E09000021,1170
2021-12-28,E09000022,979
2021-12-28,E09000023,1035
2021-12-28,E09000024,1174
2021-12-28,E09000025,1731
2021-12-28,E09000026,1431
2021-12-28,E09000027,997
2021-12-28,E09000028,1032
2021-12-28,E09000029,1294
2021-12-28,E09000030,964
2021-12-28,E09000031,906
2021-12-28,E09000032,1102
2021-12-28,E09000033,3297
2021-12-29,E09000001,320
2021-12-29,E09000002,1142
2021-12-29,E09000003,2453
2021-12-29,E09000004,2033
2021-12-29,E09000005,1760
2021-12-29,E09000006,2812
2021-12-29,E09000007,1319
2021-12-29,E09000008,2370
2021-12-29,E09000009,1728
2021-12-29,E09000010,1764
2021-12-29,E09000011,2116
2021-12-29,E09000012,677
2021-12-29,E09000013,1236
2021-12-29,E09000014,1072
2021-12-29,E09000015,1436
2021-12-29,E09000016,2534
2021-12-29,E09000017,2513
2021-12-29,E09000018,1711
2021-12-29,E09000019,610
2021-12-29,E09000020,994
2021-12-29,E09000021,1298
2021-12-29,E09000022,1106
2021-12-29,E09000023,1131
2021-12-29,E09000024,1310
2021-12-29,E09000025,1797
2021-12-29,E09000026,1630
2021-12-29,E09000027,1262
2021-12-29,E09000028,1250
2021-12-29,E09000029,1542
2021-12-29,E09000030,1076
2021-12-29,E09000031,1186
2021-12-29,E09000032,1462
2021-12-29,E09000033,3462
2021-12-3,E09000001,1195
2021-12-3,E09000002,2373
2021-12-3,E09000003,4219
2021-12-3,E09000004,4205
2021-12-3,E09000005,2689
2021-12-3,E09000006,5542
2021-12-3,E09000007,3014
2021-12-3,E09000008,4352
2021-12-3,E09000009,3089
2021-12-3,E09000010,2817
2021-12-3,E09000011,3337
2021-12-3,E09000012,1308
2021-12-3,E09000013,2010
2021-12-3,E09000014,1733
2021-12-3,E09000015,2522
2021-12-3,E09000016,4735
2021-12-3,E09000017,4589
2021-12-3,E09000018,2942
2021-12-3,E09000019,1519
2021-12-3,E09000020,1832
2021-12-3,E09000021,2357
2021-12-3,E09000022,2496
2021-12-3,E09000023,2304
2021-12-3,E09000024,2158
2021-12-3,E09000025,2774
2021-12-3,E09000026,3112
2021-12-3,E09000027,2591
2021-12-3,E09000028,2867
2021-12-3,E09000029,3003
2021-12-3,E09000030,2147
2021-12-3,E09000031,2183
2021-12-3,E09000032,3205
2021-12-3,E09000033,5821
2021-12-30,E09000001,430
2021-12-30,E09000002,1215
2021-12-30,E09000003,2498
2021-12-30,E09000004,2028
2021-12-30,E09000005,1683
2021-12-30,E09000006,3001
2021-12-30,E09000007,1395
2021-12-30,E09000008,2403
2021-12-30,E09000009,1853
2021-12-30,E09000010,1756
2021-12-30,E09000011,2123
2021-12-30,E09000012,595
2021-12-30,E09000013,1100
2021-12-30,E09000014,980
2021-12-30,E09000015,1488
2021-12-30,E09000016,2486
2021-12-30,E09000017,2590
2021-12-30,E09000018,1633
2021-12-30,E09000019,619
2021-12-30,E09000020,1003
2021-12-30,E09000021,1282
2021-12-30,E09000022,1171
2021-12-30,E09000023,1230
2021-12-30,E09000024,1321
2021-12-30,E09000025,1904
2021-12-30,E09000026,1707
2021-12-30,E09000027,1230
2021-12-30,E09000028,1469
2021-12-30,E09000029,1597
2021-12-30,E09000030,1124
2021-12-30,E09000031,1204
2021-12-30,E09000032,1577
2021-12-30,E09000033,3612
2021-12-31,E09000001,343
2021-12-31,E09000002,1269
2021-12-31,E09000003,2398
2021-12-31,E09000004,2149
2021-12-31,E09000005,1633
2021-12-31,E09000006,3172
2021-12-31,E09000007,1235
2021-12-31,E09000008,2382
2021-12-31,E09000009,1852
2021-12-31,E09000010,1803
2021-12-31,E09000011,2189
2021-12-31,E09000012,669
2021-12-31,E09000013,893
2021-12-31,E09000014,1012
2021-12-31,E09000015,1397
2021-12-31,E09000016,2536
2021-12-31,E09000017,2593
2021-12-31,E09000018,1714
2021-12-31,E09000019,629
2021-12-31,E09000020,902
2021-12-31,E09000021,1230
2021-12-31,E09000022,1279
2021-12-31,E09000023,1351
2021-12-31,E09000024,1325
2021-12-31,E09000025,1785
2021-12-31,E09000026,1789
2021-12-31,E09000027,1332
2021-12-31,E09000028,1398
2021-12-31,E09000029,1614
2021-12-31,E09000030,1130
2021-12-31,E09000031,1224
2021-12-31,E09000032,1613
2021-12-31,E09000033,2753
2021-12-4,E09000001,593
2021-12-4,E09000002,1962
2021-12-4,E09000003,3866
2021-12-4,E09000004,3272
2021-12-4,E09000005,2752
2021-12-4,E09000006,5141
2021-12-4,E09000007,2348
2021-12-4,E09000008,4081
2021-12-4,E09000009,3067
2021-12-4,E09000010,2767
2021-12-4,E09000011,3430
2021-12-4,E09000012,1222
2021-12-4,E09000013,2052
2021-12-4,E09000014,1843
2021-12-4,E09000015,2476
2021-12-4,E09000016,4102
2021-12-4,E09000017,3987
2021-12-4,E09000018,2609
2021-12-4,E09000019,1170
2021-12-4,E09000020,1696
2021-12-4,E09000021,2171
2021-12-4,E09000022,2540
2021-12-4,E09000023,2246
2021-12-4,E09000024,2366
2021-12-4,E09000025,3184
2021-12-4,E09000026,2698
2021-12-4,E09000027,2382
2021-12-4,E09000028,2652
2021-12-4,E09000029,2556
2021-12-4,E09000030,1841
2021-12-4,E09000031,1878
2021-12-4,E09000032,2608
2021-12-4,E09000033,5975
2021-12-5,E09000001,350
2021-12-5,E09000002,1462
2021-12-5,E09000003,2934
2021-12-5,E09000004,2245
2021-12-5,E09000005,2339
2021-12-5,E09000006,3387
2021-12-5,E09000007,1560
2021-12-5,E09000008,2700
2021-12-5,E09000009,2142
2021-12-5,E09000010,2144
2021-12-5,E09000011,2427
2021-12-5,E09000012,851
2021-12-5,E09000013,1473
2021-12-5,E09000014,1600
2021-12-5,E09000015,1727
2021-12-5,E09000016,2737
2021-12-5,E09000017,3171
2021-12-5,E09000018,1899
2021-12-5,E09000019,869
2021-12-5,E09000020,1161
2021-12-5,E09000021,1432
2021-12-5,E09000022,1627
2021-12-5,E09000023,1374
2021-12-5,E09000024,1603
2021-12-5,E09000025,1923
2021-12-5,E09000026,1945
2021-12-5,E09000027,1533
2021-12-5,E09000028,1696
2021-12-5,E09000029,1794
2021-12-5,E09000030,1430
2021-12-5,E09000031,1345
2021-12-5,E09000032,1772
2021-12-5,E09000033,3814
2021-12-6,E09000001,1102
2021-12-6,E09000002,1941
2021-12-6,E09000003,3774
2021-12-6,E09000004,3599
2021-12-6,E09000005,2380
2021-12-6,E09000006,4832
2021-12-6,E09000007,2600
2021-12-6,E09000008,3619
2021-12-6,E09000009,2701
2021-12-6,E09000010,2312
2021-12-6,E09000011,2717
2021-12-6,E09000012,1005
2021-12-6,E09000013,1554
2021-12-6,E09000014,1396
2021-12-6,E09000015,2047
2021-12-6,E09000016,3991
2021-12-6,E09000017,4053
2021-12-6,E09000018,2434
2021-12-6,E09000019,1275
2021-12-6,E09000020,1464
2021-12-6,E09000021,1941
2021-12-6,E09000022,1914
2021-12-6,E09000023,1953
2021-12-6,E09000024,1967
2021-12-6,E09000025,2351
2021-12-6,E09000026,2605
2021-12-6,E09000027,1854
2021-12-6,E09000028,2399
2021-12-6,E09000029,2497
2021-12-6,E09000030,1819
2021-12-6,E09000031,1783
2021-12-6,E09000032,2455
2021-12-6,E09000033,4542
2021-12-7,E09000001,1417
2021-12-7,E09000002,2186
2021-12-7,E09000003,3534
2021-12-7,E09000004,3599
2021-12-7,E09000005,2412
2021-12-7,E09000006,5031
2021-12-7,E09000007,2798
2021-12-7,E09000008,3617
2021-12-7,E09000009,2660
2021-12-7,E09000010,2447
2021-12-7,E09000011,2986
2021-12-7,E09000012,1104
2021-12-7,E09000013,1548
2021-12-7,E09000014,1507
2021-12-7,E09000015,2212
2021-12-7,E09000016,3971
2021-12-7,E09000017,4120
2021-12-7,E09000018,2427
2021-12-7,E09000019,1414
2021-12-7,E09000020,1556
2021-12-7,E09000021,1989
2021-12-7,E09000022,1977
2021-12-7,E09000023,1960
2021-12-7,E09000024,2057
2021-12-7,E09000025,2475
2021-12-7,E09000026,2579
2021-12-7,E09000027,2085
2021-12-7,E09000028,2667
2021-12-7,E09000029,2425
2021-12-7,E09000030,2051
2021-12-7,E09000031,1784
2021-12-7,E09000032,2603
2021-12-7,E09000033,4787
2021-12-8,E09000001,1571
2021-12-8,E09000002,1981
2021-12-8,E09000003,3832
2021-12-8,E09000004,3615
2021-12-8,E09000005,2430
2021-12-8,E09000006,4819
2021-12-8,E09000007,2894
2021-12-8,E09000008,3754
2021-12-8,E09000009,2670
2021-12-8,E09000010,2461
2021-12-8,E09000011,2868
2021-12-8,E09000012,1208
2021-12-8,E09000013,1682
2021-12-8,E09000014,1588
2021-12-8,E09000015,2272
2021-12-8,E09000016,4066
2021-12-8,E09000017,4019
2021-12-8,E09000018,2589
2021-12-8,E09000019,1472
2021-12-8,E09000020,1626
2021-12-8,E09000021,1882
2021-12-8,E09000022,2097
2021-12-8,E09000023,1966
2021-12-8,E09000024,1968
2021-12-8,E09000025,2350
2021-12-8,E09000026,2724
2021-12-8,E09000027,2100
2021-12-8,E09000028,2467
2021-12-8,E09000029,2543
2021-12-8,E09000030,2082
2021-12-8,E09000031,1790
2021-12-8,E09000032,2716
2021-12-8,E09000033,5298
2021-12-9,E09000001,1768
2021-12-9,E09000002,2170
2021-12-9,E09000003,3891
2021-12-9,E09000004,3774
2021-12-9,E09000005,2458
2021-12-9,E09000006,5327
2021-12-9,E09000007,3173
2021-12-9,E09000008,3888
2021-12-9,E09000009,2873
2021-12-9,E09000010,2468
2021-12-9,E09000011,2887
2021-12-9,E09000012,1217
2021-12-9,E09000013,1786
2021-12-9,E09000014,1580
2021-12-9,E09000015,2279
2021-12-9,E09000016,4258
2021-12-9,E09000017,4143
2021-12-9,E09000018,2736
2021-12-9,E09000019,1609
2021-12-9,E09000020,1756
2021-12-9,E09000021,2155
2021-12-9,E09000022,2117
2021-12-9,E09000023,2065
2021-12-9,E09000024,2117
2021-12-9,E09000025,2911
2021-12-9,E09000026,2818
2021-12-9,E09000027,2132
2021-12-9,E09000028,2719
2021-12-9,E09000029,2665
2021-12-9,E09000030,2256
2021-12-9,E09000031,2006
2021-12-9,E09000032,2758
2021-12-9,E09000033,5910
